Instance,Terminal,Layer,X location,Y location,Voltage
FILLER_38_333,VGND,li1,156.4000,106.0800,0.000005
FILLER_38_321,VGND,li1,153.1800,106.0800,0.000005
FILLER_38_309,VGND,li1,147.6600,106.0800,0.000005
FILLER_38_305,VGND,li1,143.7500,106.0800,0.000005
FILLER_38_293,VGND,li1,139.3800,106.0800,0.000005
FILLER_38_281,VGND,li1,134.7800,106.0800,0.000007
FILLER_38_277,VGND,li1,130.8700,106.0800,0.000010
FILLER_38_265,VGND,li1,127.4200,106.0800,0.000010
FILLER_38_253,VGND,li1,121.9000,106.0800,0.000013
FILLER_38_248,VGND,li1,117.7600,106.0800,0.000014
FILLER_38_236,VGND,li1,114.0800,106.0800,0.000014
FILLER_38_225,VGND,li1,107.1800,106.0800,0.000014
FILLER_38_223,VGND,li1,105.5700,106.0800,0.000014
FILLER_38_211,VGND,li1,100.2800,106.0800,0.000013
FILLER_38_192,VGND,li1,92.0000,106.0800,0.000020
FILLER_38_166,VGND,li1,79.5800,106.0800,0.000015
FILLER_38_160,VGND,li1,77.0500,106.0800,0.000013
FILLER_38_154,VGND,li1,74.2900,106.0800,0.000012
FILLER_38_148,VGND,li1,71.5300,106.0800,0.000010
FILLER_38_144,VGND,li1,69.2300,106.0800,0.000009
FILLER_38_136,VGND,li1,66.2400,106.0800,0.000007
FILLER_38_130,VGND,li1,63.2500,106.0800,0.000006
FILLER_38_124,VGND,li1,60.4900,106.0800,0.000004
FILLER_38_118,VGND,li1,57.7300,106.0800,0.000004
FILLER_38_113,VGND,li1,55.2000,106.0800,0.000004
FILLER_38_106,VGND,li1,52.2100,106.0800,0.000004
FILLER_38_100,VGND,li1,49.4500,106.0800,0.000004
FILLER_38_94,VGND,li1,46.6900,106.0800,0.000003
FILLER_38_88,VGND,li1,43.9300,106.0800,0.000003
FILLER_38_82,VGND,li1,40.9400,106.0800,0.000003
FILLER_38_76,VGND,li1,38.4100,106.0800,0.000002
FILLER_38_70,VGND,li1,35.6500,106.0800,0.000002
FILLER_38_64,VGND,li1,32.8900,106.0800,0.000002
FILLER_38_57,VGND,li1,29.9000,106.0800,0.000002
FILLER_38_53,VGND,li1,27.8300,106.0800,0.000001
FILLER_38_41,VGND,li1,24.3800,106.0800,0.000001
FILLER_38_29,VGND,li1,18.8600,106.0800,0.000001
FILLER_38_27,VGND,li1,15.4100,106.0800,0.000001
FILLER_38_15,VGND,li1,12.4200,106.0800,0.000001
FILLER_38_3,VGND,li1,6.9000,106.0800,0.000001
FILLER_37_329,VGND,li1,155.4800,106.0800,0.000005
FILLER_37_317,VGND,li1,151.3400,106.0800,0.000005
FILLER_37_305,VGND,li1,145.8200,106.0800,0.000005
FILLER_37_293,VGND,li1,140.3000,106.0800,0.000005
FILLER_37_281,VGND,li1,134.7800,106.0800,0.000007
FILLER_37_279,VGND,li1,131.3300,106.0800,0.000009
FILLER_37_271,VGND,li1,129.2600,106.0800,0.000010
FILLER_37_216,VGND,li1,103.9600,106.0800,0.000014
FILLER_37_211,VGND,li1,100.2800,106.0800,0.000013
FILLER_37_187,VGND,li1,89.0100,106.0800,0.000019
FILLER_37_169,VGND,li1,83.2600,106.0800,0.000017
FILLER_37_167,VGND,li1,79.8100,106.0800,0.000015
FILLER_37_159,VGND,li1,77.7400,106.0800,0.000013
FILLER_37_149,VGND,li1,71.9900,106.0800,0.000011
FILLER_37_137,VGND,li1,68.5400,106.0800,0.000009
FILLER_37_125,VGND,li1,63.0200,106.0800,0.000006
FILLER_37_113,VGND,li1,57.5000,106.0800,0.000004
FILLER_37_111,VGND,li1,54.0500,106.0800,0.000004
FILLER_37_105,VGND,li1,52.4400,106.0800,0.000004
FILLER_37_93,VGND,li1,48.3000,106.0800,0.000003
FILLER_37_81,VGND,li1,42.7800,106.0800,0.000003
FILLER_37_69,VGND,li1,37.2600,106.0800,0.000002
FILLER_37_57,VGND,li1,31.7400,106.0800,0.000002
FILLER_37_55,VGND,li1,28.2900,106.0800,0.000001
FILLER_37_51,VGND,li1,27.1400,106.0800,0.000001
FILLER_37_39,VGND,li1,23.4600,106.0800,0.000001
FILLER_37_27,VGND,li1,17.9400,106.0800,0.000001
FILLER_37_15,VGND,li1,12.4200,106.0800,0.000001
FILLER_37_3,VGND,li1,6.9000,106.0800,0.000001
FILLER_36_333,VGND,li1,156.4000,100.6400,0.000013
FILLER_36_321,VGND,li1,153.1800,100.6400,0.000013
FILLER_36_309,VGND,li1,147.6600,100.6400,0.000013
FILLER_36_307,VGND,li1,144.2100,100.6400,0.000013
FILLER_36_301,VGND,li1,142.6000,100.6400,0.000013
FILLER_36_289,VGND,li1,138.4600,100.6400,0.000013
FILLER_36_277,VGND,li1,132.9400,100.6400,0.000021
FILLER_36_265,VGND,li1,127.4200,100.6400,0.000027
FILLER_36_253,VGND,li1,121.9000,100.6400,0.000034
FILLER_36_240,VGND,li1,115.9200,100.6400,0.000038
FILLER_36_195,VGND,li1,92.6900,100.6400,0.000018
FILLER_36_191,VGND,li1,91.5400,100.6400,0.000018
FILLER_36_179,VGND,li1,87.8600,100.6400,0.000017
FILLER_36_167,VGND,li1,82.3400,100.6400,0.000014
FILLER_36_153,VGND,li1,73.3700,100.6400,0.000010
FILLER_36_141,VGND,li1,70.3800,100.6400,0.000008
FILLER_36_139,VGND,li1,66.9300,100.6400,0.000006
FILLER_36_133,VGND,li1,65.3200,100.6400,0.000006
FILLER_36_121,VGND,li1,61.1800,100.6400,0.000004
FILLER_36_109,VGND,li1,55.6600,100.6400,0.000003
FILLER_36_97,VGND,li1,50.1400,100.6400,0.000003
FILLER_36_85,VGND,li1,44.6200,100.6400,0.000003
FILLER_36_83,VGND,li1,41.1700,100.6400,0.000002
FILLER_36_77,VGND,li1,39.5600,100.6400,0.000002
FILLER_36_65,VGND,li1,35.4200,100.6400,0.000002
FILLER_36_53,VGND,li1,29.9000,100.6400,0.000001
FILLER_36_41,VGND,li1,24.3800,100.6400,0.000001
FILLER_36_29,VGND,li1,18.8600,100.6400,0.000001
FILLER_36_27,VGND,li1,15.4100,100.6400,0.000001
FILLER_36_15,VGND,li1,12.4200,100.6400,0.000001
FILLER_36_3,VGND,li1,6.9000,100.6400,0.000001
FILLER_35_329,VGND,li1,155.4800,100.6400,0.000013
FILLER_35_317,VGND,li1,151.3400,100.6400,0.000013
FILLER_35_305,VGND,li1,145.8200,100.6400,0.000013
FILLER_35_293,VGND,li1,140.3000,100.6400,0.000013
FILLER_35_281,VGND,li1,134.7800,100.6400,0.000018
FILLER_35_279,VGND,li1,131.3300,100.6400,0.000024
FILLER_35_273,VGND,li1,129.7200,100.6400,0.000024
FILLER_35_261,VGND,li1,125.5800,100.6400,0.000029
FILLER_35_237,VGND,li1,112.7000,100.6400,0.000038
FILLER_35_225,VGND,li1,109.0200,100.6400,0.000037
FILLER_35_223,VGND,li1,105.5700,100.6400,0.000032
FILLER_35_215,VGND,li1,103.5000,100.6400,0.000028
FILLER_35_203,VGND,li1,98.9000,100.6400,0.000019
FILLER_35_177,VGND,li1,84.8700,100.6400,0.000015
FILLER_35_169,VGND,li1,82.3400,100.6400,0.000014
FILLER_35_167,VGND,li1,79.8100,100.6400,0.000012
FILLER_35_161,VGND,li1,78.2000,100.6400,0.000012
FILLER_35_149,VGND,li1,74.0600,100.6400,0.000010
FILLER_35_137,VGND,li1,68.5400,100.6400,0.000007
FILLER_35_125,VGND,li1,63.0200,100.6400,0.000005
FILLER_35_113,VGND,li1,57.5000,100.6400,0.000004
FILLER_35_111,VGND,li1,54.0500,100.6400,0.000003
FILLER_35_105,VGND,li1,52.4400,100.6400,0.000003
FILLER_35_93,VGND,li1,48.3000,100.6400,0.000003
FILLER_35_81,VGND,li1,42.7800,100.6400,0.000002
FILLER_35_69,VGND,li1,37.2600,100.6400,0.000002
FILLER_35_57,VGND,li1,31.7400,100.6400,0.000002
FILLER_35_55,VGND,li1,28.2900,100.6400,0.000001
FILLER_35_51,VGND,li1,27.1400,100.6400,0.000001
FILLER_35_39,VGND,li1,23.4600,100.6400,0.000001
FILLER_35_27,VGND,li1,17.9400,100.6400,0.000001
FILLER_35_15,VGND,li1,12.4200,100.6400,0.000001
FILLER_35_3,VGND,li1,6.9000,100.6400,0.000001
FILLER_34_333,VGND,li1,156.4000,95.2000,0.000000
FILLER_34_321,VGND,li1,153.1800,95.2000,0.000000
FILLER_34_309,VGND,li1,147.6600,95.2000,0.000000
FILLER_34_307,VGND,li1,144.2100,95.2000,0.000000
FILLER_34_301,VGND,li1,142.6000,95.2000,0.000000
FILLER_34_289,VGND,li1,138.4600,95.2000,0.000000
FILLER_34_277,VGND,li1,132.9400,95.2000,0.000000
FILLER_34_265,VGND,li1,127.4200,95.2000,0.000001
FILLER_34_253,VGND,li1,121.9000,95.2000,0.000001
FILLER_34_251,VGND,li1,118.4500,95.2000,0.000001
FILLER_34_245,VGND,li1,116.8400,95.2000,0.000001
FILLER_34_233,VGND,li1,112.7000,95.2000,0.000001
FILLER_34_221,VGND,li1,107.1800,95.2000,0.000001
FILLER_34_209,VGND,li1,101.6600,95.2000,0.000001
FILLER_34_197,VGND,li1,96.1400,95.2000,0.000002
FILLER_34_184,VGND,li1,90.1600,95.2000,0.000003
FILLER_34_153,VGND,li1,74.9800,95.2000,0.000003
FILLER_34_141,VGND,li1,70.3800,95.2000,0.000002
FILLER_34_139,VGND,li1,66.9300,95.2000,0.000002
FILLER_34_133,VGND,li1,65.3200,95.2000,0.000002
FILLER_34_121,VGND,li1,61.1800,95.2000,0.000001
FILLER_34_109,VGND,li1,55.6600,95.2000,0.000001
FILLER_34_97,VGND,li1,50.1400,95.2000,0.000001
FILLER_34_85,VGND,li1,44.6200,95.2000,0.000001
FILLER_34_83,VGND,li1,41.1700,95.2000,0.000001
FILLER_34_77,VGND,li1,39.5600,95.2000,0.000001
FILLER_34_65,VGND,li1,35.4200,95.2000,0.000001
FILLER_34_53,VGND,li1,29.9000,95.2000,0.000000
FILLER_34_41,VGND,li1,24.3800,95.2000,0.000000
FILLER_34_29,VGND,li1,18.8600,95.2000,0.000000
FILLER_34_27,VGND,li1,15.4100,95.2000,0.000000
FILLER_34_15,VGND,li1,12.4200,95.2000,0.000000
FILLER_34_3,VGND,li1,6.9000,95.2000,0.000000
FILLER_33_329,VGND,li1,155.4800,95.2000,0.000000
FILLER_33_317,VGND,li1,151.3400,95.2000,0.000000
FILLER_33_305,VGND,li1,145.8200,95.2000,0.000000
FILLER_33_293,VGND,li1,140.3000,95.2000,0.000000
FILLER_33_281,VGND,li1,134.7800,95.2000,0.000000
FILLER_33_279,VGND,li1,131.3300,95.2000,0.000000
FILLER_33_273,VGND,li1,129.7200,95.2000,0.000000
FILLER_33_261,VGND,li1,125.5800,95.2000,0.000001
FILLER_33_249,VGND,li1,120.0600,95.2000,0.000001
FILLER_33_237,VGND,li1,114.5400,95.2000,0.000001
FILLER_33_225,VGND,li1,109.0200,95.2000,0.000001
FILLER_33_223,VGND,li1,105.5700,95.2000,0.000001
FILLER_33_217,VGND,li1,103.9600,95.2000,0.000001
FILLER_33_205,VGND,li1,99.8200,95.2000,0.000001
FILLER_33_193,VGND,li1,94.3000,95.2000,0.000002
FILLER_33_181,VGND,li1,88.7800,95.2000,0.000003
FILLER_33_169,VGND,li1,83.2600,95.2000,0.000004
FILLER_33_167,VGND,li1,79.8100,95.2000,0.000004
FILLER_33_161,VGND,li1,78.2000,95.2000,0.000004
FILLER_33_149,VGND,li1,74.0600,95.2000,0.000003
FILLER_33_137,VGND,li1,68.5400,95.2000,0.000002
FILLER_33_125,VGND,li1,63.0200,95.2000,0.000001
FILLER_33_113,VGND,li1,57.5000,95.2000,0.000001
FILLER_33_111,VGND,li1,54.0500,95.2000,0.000001
FILLER_33_105,VGND,li1,52.4400,95.2000,0.000001
FILLER_33_93,VGND,li1,48.3000,95.2000,0.000001
FILLER_33_81,VGND,li1,42.7800,95.2000,0.000001
FILLER_33_69,VGND,li1,37.2600,95.2000,0.000001
FILLER_33_57,VGND,li1,31.7400,95.2000,0.000000
FILLER_33_55,VGND,li1,28.2900,95.2000,0.000000
FILLER_33_51,VGND,li1,27.1400,95.2000,0.000000
FILLER_33_39,VGND,li1,23.4600,95.2000,0.000000
FILLER_33_27,VGND,li1,17.9400,95.2000,0.000000
FILLER_33_15,VGND,li1,12.4200,95.2000,0.000000
FILLER_33_3,VGND,li1,6.9000,95.2000,0.000000
FILLER_32_333,VGND,li1,156.4000,89.7600,0.000000
FILLER_32_321,VGND,li1,153.1800,89.7600,0.000000
FILLER_32_309,VGND,li1,147.6600,89.7600,0.000000
FILLER_32_307,VGND,li1,144.2100,89.7600,0.000000
FILLER_32_301,VGND,li1,142.6000,89.7600,0.000000
FILLER_32_289,VGND,li1,138.4600,89.7600,0.000000
FILLER_32_277,VGND,li1,132.9400,89.7600,0.000000
FILLER_32_265,VGND,li1,127.4200,89.7600,0.000000
FILLER_32_253,VGND,li1,121.9000,89.7600,0.000000
FILLER_32_251,VGND,li1,118.4500,89.7600,0.000000
FILLER_32_245,VGND,li1,116.8400,89.7600,0.000000
FILLER_32_233,VGND,li1,112.7000,89.7600,0.000000
FILLER_32_221,VGND,li1,107.1800,89.7600,0.000000
FILLER_32_209,VGND,li1,101.6600,89.7600,0.000000
FILLER_32_197,VGND,li1,96.1400,89.7600,0.000000
FILLER_32_195,VGND,li1,92.6900,89.7600,0.000000
FILLER_32_189,VGND,li1,91.0800,89.7600,0.000000
FILLER_32_177,VGND,li1,86.9400,89.7600,0.000000
FILLER_32_165,VGND,li1,81.4200,89.7600,0.000000
FILLER_32_153,VGND,li1,75.9000,89.7600,0.000000
FILLER_32_141,VGND,li1,70.3800,89.7600,0.000000
FILLER_32_139,VGND,li1,66.9300,89.7600,0.000000
FILLER_32_133,VGND,li1,65.3200,89.7600,0.000000
FILLER_32_121,VGND,li1,61.1800,89.7600,0.000000
FILLER_32_109,VGND,li1,55.6600,89.7600,0.000000
FILLER_32_97,VGND,li1,50.1400,89.7600,0.000000
FILLER_32_85,VGND,li1,44.6200,89.7600,0.000000
FILLER_32_83,VGND,li1,41.1700,89.7600,0.000000
FILLER_32_77,VGND,li1,39.5600,89.7600,0.000000
FILLER_32_65,VGND,li1,35.4200,89.7600,0.000000
FILLER_32_53,VGND,li1,29.9000,89.7600,0.000000
FILLER_32_41,VGND,li1,24.3800,89.7600,0.000000
FILLER_32_29,VGND,li1,18.8600,89.7600,0.000000
FILLER_32_27,VGND,li1,15.4100,89.7600,0.000000
FILLER_32_15,VGND,li1,12.4200,89.7600,0.000000
FILLER_32_3,VGND,li1,6.9000,89.7600,0.000000
FILLER_31_329,VGND,li1,155.4800,89.7600,0.000000
FILLER_31_317,VGND,li1,151.3400,89.7600,0.000000
FILLER_31_305,VGND,li1,145.8200,89.7600,0.000000
FILLER_31_293,VGND,li1,140.3000,89.7600,0.000000
FILLER_31_281,VGND,li1,134.7800,89.7600,0.000000
FILLER_31_279,VGND,li1,131.3300,89.7600,0.000000
FILLER_31_273,VGND,li1,129.7200,89.7600,0.000000
FILLER_31_261,VGND,li1,125.5800,89.7600,0.000000
FILLER_31_249,VGND,li1,120.0600,89.7600,0.000000
FILLER_31_237,VGND,li1,114.5400,89.7600,0.000000
FILLER_31_225,VGND,li1,109.0200,89.7600,0.000000
FILLER_31_223,VGND,li1,105.5700,89.7600,0.000000
FILLER_31_217,VGND,li1,103.9600,89.7600,0.000000
FILLER_31_205,VGND,li1,99.8200,89.7600,0.000000
FILLER_31_193,VGND,li1,94.3000,89.7600,0.000000
FILLER_31_181,VGND,li1,88.7800,89.7600,0.000000
FILLER_31_169,VGND,li1,83.2600,89.7600,0.000000
FILLER_31_167,VGND,li1,79.8100,89.7600,0.000000
FILLER_31_161,VGND,li1,78.2000,89.7600,0.000000
FILLER_31_149,VGND,li1,74.0600,89.7600,0.000000
FILLER_31_137,VGND,li1,68.5400,89.7600,0.000000
FILLER_31_125,VGND,li1,63.0200,89.7600,0.000000
FILLER_31_113,VGND,li1,57.5000,89.7600,0.000000
FILLER_31_111,VGND,li1,54.0500,89.7600,0.000000
FILLER_31_105,VGND,li1,52.4400,89.7600,0.000000
FILLER_31_93,VGND,li1,48.3000,89.7600,0.000000
FILLER_31_81,VGND,li1,42.7800,89.7600,0.000000
FILLER_31_69,VGND,li1,37.2600,89.7600,0.000000
FILLER_31_57,VGND,li1,31.7400,89.7600,0.000000
FILLER_31_55,VGND,li1,28.2900,89.7600,0.000000
FILLER_31_51,VGND,li1,27.1400,89.7600,0.000000
FILLER_31_39,VGND,li1,23.4600,89.7600,0.000000
FILLER_31_27,VGND,li1,17.9400,89.7600,0.000000
FILLER_31_15,VGND,li1,12.4200,89.7600,0.000000
FILLER_31_3,VGND,li1,6.9000,89.7600,0.000000
FILLER_30_333,VGND,li1,156.4000,84.3200,0.000000
FILLER_30_321,VGND,li1,153.1800,84.3200,0.000000
FILLER_30_309,VGND,li1,147.6600,84.3200,0.000000
FILLER_30_307,VGND,li1,144.2100,84.3200,0.000000
FILLER_30_301,VGND,li1,142.6000,84.3200,0.000000
FILLER_30_289,VGND,li1,138.4600,84.3200,0.000000
FILLER_30_277,VGND,li1,132.9400,84.3200,0.000000
FILLER_30_265,VGND,li1,127.4200,84.3200,0.000000
FILLER_30_253,VGND,li1,121.9000,84.3200,0.000000
FILLER_30_251,VGND,li1,118.4500,84.3200,0.000000
FILLER_30_245,VGND,li1,116.8400,84.3200,0.000000
FILLER_30_233,VGND,li1,112.7000,84.3200,0.000000
FILLER_30_221,VGND,li1,107.1800,84.3200,0.000000
FILLER_30_209,VGND,li1,101.6600,84.3200,0.000000
FILLER_30_197,VGND,li1,96.1400,84.3200,0.000000
FILLER_30_195,VGND,li1,92.6900,84.3200,0.000000
FILLER_30_189,VGND,li1,91.0800,84.3200,0.000000
FILLER_30_177,VGND,li1,86.9400,84.3200,0.000000
FILLER_30_165,VGND,li1,81.4200,84.3200,0.000000
FILLER_30_153,VGND,li1,75.9000,84.3200,0.000000
FILLER_30_141,VGND,li1,70.3800,84.3200,0.000000
FILLER_30_139,VGND,li1,66.9300,84.3200,0.000000
FILLER_30_133,VGND,li1,65.3200,84.3200,0.000000
FILLER_30_121,VGND,li1,61.1800,84.3200,0.000000
FILLER_30_109,VGND,li1,55.6600,84.3200,0.000000
FILLER_30_97,VGND,li1,50.1400,84.3200,0.000000
FILLER_30_85,VGND,li1,44.6200,84.3200,0.000000
FILLER_30_83,VGND,li1,41.1700,84.3200,0.000000
FILLER_30_77,VGND,li1,39.5600,84.3200,0.000000
FILLER_30_65,VGND,li1,35.4200,84.3200,0.000000
FILLER_30_53,VGND,li1,29.9000,84.3200,0.000000
FILLER_30_41,VGND,li1,24.3800,84.3200,0.000000
FILLER_30_29,VGND,li1,18.8600,84.3200,0.000000
FILLER_30_27,VGND,li1,15.4100,84.3200,0.000000
FILLER_30_15,VGND,li1,12.4200,84.3200,0.000000
FILLER_30_3,VGND,li1,6.9000,84.3200,0.000000
FILLER_29_329,VGND,li1,155.4800,84.3200,0.000000
FILLER_29_317,VGND,li1,151.3400,84.3200,0.000000
FILLER_29_305,VGND,li1,145.8200,84.3200,0.000000
FILLER_29_293,VGND,li1,140.3000,84.3200,0.000000
FILLER_29_281,VGND,li1,134.7800,84.3200,0.000000
FILLER_29_279,VGND,li1,131.3300,84.3200,0.000000
FILLER_29_273,VGND,li1,129.7200,84.3200,0.000000
FILLER_29_261,VGND,li1,125.5800,84.3200,0.000000
FILLER_29_249,VGND,li1,120.0600,84.3200,0.000000
FILLER_29_237,VGND,li1,114.5400,84.3200,0.000000
FILLER_29_225,VGND,li1,109.0200,84.3200,0.000000
FILLER_29_223,VGND,li1,105.5700,84.3200,0.000000
FILLER_29_217,VGND,li1,103.9600,84.3200,0.000000
FILLER_29_205,VGND,li1,99.8200,84.3200,0.000000
FILLER_29_193,VGND,li1,94.3000,84.3200,0.000000
FILLER_29_181,VGND,li1,88.7800,84.3200,0.000000
FILLER_29_169,VGND,li1,83.2600,84.3200,0.000000
FILLER_29_167,VGND,li1,79.8100,84.3200,0.000000
FILLER_29_161,VGND,li1,78.2000,84.3200,0.000000
FILLER_29_149,VGND,li1,74.0600,84.3200,0.000000
FILLER_29_137,VGND,li1,68.5400,84.3200,0.000000
FILLER_29_125,VGND,li1,63.0200,84.3200,0.000000
FILLER_29_113,VGND,li1,57.5000,84.3200,0.000000
FILLER_29_111,VGND,li1,54.0500,84.3200,0.000000
FILLER_29_105,VGND,li1,52.4400,84.3200,0.000000
FILLER_29_93,VGND,li1,48.3000,84.3200,0.000000
FILLER_29_81,VGND,li1,42.7800,84.3200,0.000000
FILLER_29_69,VGND,li1,37.2600,84.3200,0.000000
FILLER_29_57,VGND,li1,31.7400,84.3200,0.000000
FILLER_29_55,VGND,li1,28.2900,84.3200,0.000000
FILLER_29_51,VGND,li1,27.1400,84.3200,0.000000
FILLER_29_39,VGND,li1,23.4600,84.3200,0.000000
FILLER_29_27,VGND,li1,17.9400,84.3200,0.000000
FILLER_29_15,VGND,li1,12.4200,84.3200,0.000000
FILLER_29_3,VGND,li1,6.9000,84.3200,0.000000
FILLER_28_333,VGND,li1,156.4000,78.8800,0.000000
FILLER_28_321,VGND,li1,153.1800,78.8800,0.000000
FILLER_28_309,VGND,li1,147.6600,78.8800,0.000000
FILLER_28_307,VGND,li1,144.2100,78.8800,0.000000
FILLER_28_301,VGND,li1,142.6000,78.8800,0.000000
FILLER_28_289,VGND,li1,138.4600,78.8800,0.000000
FILLER_28_277,VGND,li1,132.9400,78.8800,0.000000
FILLER_28_265,VGND,li1,127.4200,78.8800,0.000000
FILLER_28_253,VGND,li1,121.9000,78.8800,0.000000
FILLER_28_251,VGND,li1,118.4500,78.8800,0.000000
FILLER_28_245,VGND,li1,116.8400,78.8800,0.000000
FILLER_28_233,VGND,li1,112.7000,78.8800,0.000000
FILLER_28_221,VGND,li1,107.1800,78.8800,0.000000
FILLER_28_209,VGND,li1,101.6600,78.8800,0.000000
FILLER_28_197,VGND,li1,96.1400,78.8800,0.000000
FILLER_28_195,VGND,li1,92.6900,78.8800,0.000000
FILLER_28_189,VGND,li1,91.0800,78.8800,0.000000
FILLER_28_177,VGND,li1,86.9400,78.8800,0.000000
FILLER_28_165,VGND,li1,81.4200,78.8800,0.000000
FILLER_28_153,VGND,li1,75.9000,78.8800,0.000000
FILLER_28_141,VGND,li1,70.3800,78.8800,0.000000
FILLER_28_139,VGND,li1,66.9300,78.8800,0.000000
FILLER_28_133,VGND,li1,65.3200,78.8800,0.000000
FILLER_28_121,VGND,li1,61.1800,78.8800,0.000000
FILLER_28_109,VGND,li1,55.6600,78.8800,0.000000
FILLER_28_97,VGND,li1,50.1400,78.8800,0.000000
FILLER_28_85,VGND,li1,44.6200,78.8800,0.000000
FILLER_28_83,VGND,li1,41.1700,78.8800,0.000000
FILLER_28_77,VGND,li1,39.5600,78.8800,0.000000
FILLER_28_65,VGND,li1,35.4200,78.8800,0.000000
FILLER_28_53,VGND,li1,29.9000,78.8800,0.000000
FILLER_28_41,VGND,li1,24.3800,78.8800,0.000000
FILLER_28_29,VGND,li1,18.8600,78.8800,0.000000
FILLER_28_27,VGND,li1,15.4100,78.8800,0.000000
FILLER_28_15,VGND,li1,12.4200,78.8800,0.000000
FILLER_28_3,VGND,li1,6.9000,78.8800,0.000000
FILLER_27_329,VGND,li1,155.4800,78.8800,0.000000
FILLER_27_317,VGND,li1,151.3400,78.8800,0.000000
FILLER_27_305,VGND,li1,145.8200,78.8800,0.000000
FILLER_27_293,VGND,li1,140.3000,78.8800,0.000000
FILLER_27_281,VGND,li1,134.7800,78.8800,0.000000
FILLER_27_279,VGND,li1,131.3300,78.8800,0.000000
FILLER_27_273,VGND,li1,129.7200,78.8800,0.000000
FILLER_27_261,VGND,li1,125.5800,78.8800,0.000000
FILLER_27_249,VGND,li1,120.0600,78.8800,0.000000
FILLER_27_237,VGND,li1,114.5400,78.8800,0.000000
FILLER_27_225,VGND,li1,109.0200,78.8800,0.000000
FILLER_27_223,VGND,li1,105.5700,78.8800,0.000000
FILLER_27_217,VGND,li1,103.9600,78.8800,0.000000
FILLER_27_205,VGND,li1,99.8200,78.8800,0.000000
FILLER_27_193,VGND,li1,94.3000,78.8800,0.000000
FILLER_27_181,VGND,li1,88.7800,78.8800,0.000000
FILLER_27_169,VGND,li1,83.2600,78.8800,0.000000
FILLER_27_167,VGND,li1,79.8100,78.8800,0.000000
FILLER_27_161,VGND,li1,78.2000,78.8800,0.000000
FILLER_27_149,VGND,li1,74.0600,78.8800,0.000000
FILLER_27_137,VGND,li1,68.5400,78.8800,0.000000
FILLER_27_125,VGND,li1,63.0200,78.8800,0.000000
FILLER_27_113,VGND,li1,57.5000,78.8800,0.000000
FILLER_27_111,VGND,li1,54.0500,78.8800,0.000000
FILLER_27_105,VGND,li1,52.4400,78.8800,0.000000
FILLER_27_93,VGND,li1,48.3000,78.8800,0.000000
FILLER_27_81,VGND,li1,42.7800,78.8800,0.000000
FILLER_27_69,VGND,li1,37.2600,78.8800,0.000000
FILLER_27_57,VGND,li1,31.7400,78.8800,0.000000
FILLER_27_55,VGND,li1,28.2900,78.8800,0.000000
FILLER_27_51,VGND,li1,27.1400,78.8800,0.000000
FILLER_27_39,VGND,li1,23.4600,78.8800,0.000000
FILLER_27_27,VGND,li1,17.9400,78.8800,0.000000
FILLER_27_15,VGND,li1,12.4200,78.8800,0.000000
FILLER_27_3,VGND,li1,6.9000,78.8800,0.000000
FILLER_26_333,VGND,li1,156.4000,73.4400,0.000000
FILLER_26_321,VGND,li1,153.1800,73.4400,0.000000
FILLER_26_309,VGND,li1,147.6600,73.4400,0.000000
FILLER_26_307,VGND,li1,144.2100,73.4400,0.000000
FILLER_26_301,VGND,li1,142.6000,73.4400,0.000000
FILLER_26_289,VGND,li1,138.4600,73.4400,0.000000
FILLER_26_277,VGND,li1,132.9400,73.4400,0.000000
FILLER_26_265,VGND,li1,127.4200,73.4400,0.000000
FILLER_26_253,VGND,li1,121.9000,73.4400,0.000000
FILLER_26_251,VGND,li1,118.4500,73.4400,0.000000
FILLER_26_245,VGND,li1,116.8400,73.4400,0.000000
FILLER_26_233,VGND,li1,112.7000,73.4400,0.000000
FILLER_26_221,VGND,li1,107.1800,73.4400,0.000000
FILLER_26_209,VGND,li1,101.6600,73.4400,0.000000
FILLER_26_197,VGND,li1,96.1400,73.4400,0.000000
FILLER_26_195,VGND,li1,92.6900,73.4400,0.000000
FILLER_26_189,VGND,li1,91.0800,73.4400,0.000000
FILLER_26_177,VGND,li1,86.9400,73.4400,0.000000
FILLER_26_165,VGND,li1,81.4200,73.4400,0.000000
FILLER_26_153,VGND,li1,75.9000,73.4400,0.000000
FILLER_26_141,VGND,li1,70.3800,73.4400,0.000000
FILLER_26_139,VGND,li1,66.9300,73.4400,0.000000
FILLER_26_133,VGND,li1,65.3200,73.4400,0.000000
FILLER_26_121,VGND,li1,61.1800,73.4400,0.000000
FILLER_26_109,VGND,li1,55.6600,73.4400,0.000000
FILLER_26_97,VGND,li1,50.1400,73.4400,0.000000
FILLER_26_85,VGND,li1,44.6200,73.4400,0.000000
FILLER_26_83,VGND,li1,41.1700,73.4400,0.000000
FILLER_26_77,VGND,li1,39.5600,73.4400,0.000000
FILLER_26_65,VGND,li1,35.4200,73.4400,0.000000
FILLER_26_53,VGND,li1,29.9000,73.4400,0.000000
FILLER_26_41,VGND,li1,24.3800,73.4400,0.000000
FILLER_26_29,VGND,li1,18.8600,73.4400,0.000000
FILLER_26_27,VGND,li1,15.4100,73.4400,0.000000
FILLER_26_15,VGND,li1,12.4200,73.4400,0.000000
FILLER_26_3,VGND,li1,6.9000,73.4400,0.000000
FILLER_25_329,VGND,li1,155.4800,73.4400,0.000000
FILLER_25_317,VGND,li1,151.3400,73.4400,0.000000
FILLER_25_305,VGND,li1,145.8200,73.4400,0.000000
FILLER_25_293,VGND,li1,140.3000,73.4400,0.000000
FILLER_25_281,VGND,li1,134.7800,73.4400,0.000000
FILLER_25_279,VGND,li1,131.3300,73.4400,0.000000
FILLER_25_273,VGND,li1,129.7200,73.4400,0.000000
FILLER_25_261,VGND,li1,125.5800,73.4400,0.000000
FILLER_25_249,VGND,li1,120.0600,73.4400,0.000000
FILLER_25_237,VGND,li1,114.5400,73.4400,0.000000
FILLER_25_225,VGND,li1,109.0200,73.4400,0.000000
FILLER_25_223,VGND,li1,105.5700,73.4400,0.000000
FILLER_25_217,VGND,li1,103.9600,73.4400,0.000000
FILLER_25_205,VGND,li1,99.8200,73.4400,0.000000
FILLER_25_193,VGND,li1,94.3000,73.4400,0.000000
FILLER_25_181,VGND,li1,88.7800,73.4400,0.000000
FILLER_25_169,VGND,li1,83.2600,73.4400,0.000000
FILLER_25_167,VGND,li1,79.8100,73.4400,0.000000
FILLER_25_161,VGND,li1,78.2000,73.4400,0.000000
FILLER_25_149,VGND,li1,74.0600,73.4400,0.000000
FILLER_25_137,VGND,li1,68.5400,73.4400,0.000000
FILLER_25_125,VGND,li1,63.0200,73.4400,0.000000
FILLER_25_113,VGND,li1,57.5000,73.4400,0.000000
FILLER_25_111,VGND,li1,54.0500,73.4400,0.000000
FILLER_25_105,VGND,li1,52.4400,73.4400,0.000000
FILLER_25_93,VGND,li1,48.3000,73.4400,0.000000
FILLER_25_81,VGND,li1,42.7800,73.4400,0.000000
FILLER_25_69,VGND,li1,37.2600,73.4400,0.000000
FILLER_25_57,VGND,li1,31.7400,73.4400,0.000000
FILLER_25_55,VGND,li1,28.2900,73.4400,0.000000
FILLER_25_51,VGND,li1,27.1400,73.4400,0.000000
FILLER_25_39,VGND,li1,23.4600,73.4400,0.000000
FILLER_25_27,VGND,li1,17.9400,73.4400,0.000000
FILLER_25_15,VGND,li1,12.4200,73.4400,0.000000
FILLER_25_3,VGND,li1,6.9000,73.4400,0.000000
FILLER_24_333,VGND,li1,156.4000,68.0000,0.000000
FILLER_24_321,VGND,li1,153.1800,68.0000,0.000000
FILLER_24_309,VGND,li1,147.6600,68.0000,0.000000
FILLER_24_307,VGND,li1,144.2100,68.0000,0.000000
FILLER_24_301,VGND,li1,142.6000,68.0000,0.000000
FILLER_24_289,VGND,li1,138.4600,68.0000,0.000000
FILLER_24_277,VGND,li1,132.9400,68.0000,0.000000
FILLER_24_265,VGND,li1,127.4200,68.0000,0.000000
FILLER_24_253,VGND,li1,121.9000,68.0000,0.000000
FILLER_24_251,VGND,li1,118.4500,68.0000,0.000000
FILLER_24_245,VGND,li1,116.8400,68.0000,0.000000
FILLER_24_233,VGND,li1,112.7000,68.0000,0.000000
FILLER_24_221,VGND,li1,107.1800,68.0000,0.000000
FILLER_24_209,VGND,li1,101.6600,68.0000,0.000000
FILLER_24_197,VGND,li1,96.1400,68.0000,0.000000
FILLER_24_195,VGND,li1,92.6900,68.0000,0.000000
FILLER_24_189,VGND,li1,91.0800,68.0000,0.000000
FILLER_24_177,VGND,li1,86.9400,68.0000,0.000000
FILLER_24_165,VGND,li1,81.4200,68.0000,0.000000
FILLER_24_153,VGND,li1,75.9000,68.0000,0.000000
FILLER_24_141,VGND,li1,70.3800,68.0000,0.000000
FILLER_24_139,VGND,li1,66.9300,68.0000,0.000000
FILLER_24_133,VGND,li1,65.3200,68.0000,0.000000
FILLER_24_121,VGND,li1,61.1800,68.0000,0.000000
FILLER_24_109,VGND,li1,55.6600,68.0000,0.000000
FILLER_24_97,VGND,li1,50.1400,68.0000,0.000000
FILLER_24_85,VGND,li1,44.6200,68.0000,0.000000
FILLER_24_83,VGND,li1,41.1700,68.0000,0.000000
FILLER_24_77,VGND,li1,39.5600,68.0000,0.000000
FILLER_24_65,VGND,li1,35.4200,68.0000,0.000000
FILLER_24_53,VGND,li1,29.9000,68.0000,0.000000
FILLER_24_41,VGND,li1,24.3800,68.0000,0.000000
FILLER_24_29,VGND,li1,18.8600,68.0000,0.000000
FILLER_24_27,VGND,li1,15.4100,68.0000,0.000000
FILLER_24_15,VGND,li1,12.4200,68.0000,0.000000
FILLER_24_3,VGND,li1,6.9000,68.0000,0.000000
FILLER_23_329,VGND,li1,155.4800,68.0000,0.000000
FILLER_23_317,VGND,li1,151.3400,68.0000,0.000000
FILLER_23_305,VGND,li1,145.8200,68.0000,0.000000
FILLER_23_293,VGND,li1,140.3000,68.0000,0.000000
FILLER_23_281,VGND,li1,134.7800,68.0000,0.000000
FILLER_23_279,VGND,li1,131.3300,68.0000,0.000000
FILLER_23_273,VGND,li1,129.7200,68.0000,0.000000
FILLER_23_261,VGND,li1,125.5800,68.0000,0.000000
FILLER_23_249,VGND,li1,120.0600,68.0000,0.000000
FILLER_23_237,VGND,li1,114.5400,68.0000,0.000000
FILLER_23_225,VGND,li1,109.0200,68.0000,0.000000
FILLER_23_223,VGND,li1,105.5700,68.0000,0.000000
FILLER_23_217,VGND,li1,103.9600,68.0000,0.000000
FILLER_23_205,VGND,li1,99.8200,68.0000,0.000000
FILLER_23_193,VGND,li1,94.3000,68.0000,0.000000
FILLER_23_181,VGND,li1,88.7800,68.0000,0.000000
FILLER_23_169,VGND,li1,83.2600,68.0000,0.000000
FILLER_23_167,VGND,li1,79.8100,68.0000,0.000000
FILLER_23_161,VGND,li1,78.2000,68.0000,0.000000
FILLER_23_149,VGND,li1,74.0600,68.0000,0.000000
FILLER_23_137,VGND,li1,68.5400,68.0000,0.000000
FILLER_23_125,VGND,li1,63.0200,68.0000,0.000000
FILLER_23_113,VGND,li1,57.5000,68.0000,0.000000
FILLER_23_111,VGND,li1,54.0500,68.0000,0.000000
FILLER_23_105,VGND,li1,52.4400,68.0000,0.000000
FILLER_23_93,VGND,li1,48.3000,68.0000,0.000000
FILLER_23_81,VGND,li1,42.7800,68.0000,0.000000
FILLER_23_69,VGND,li1,37.2600,68.0000,0.000000
FILLER_23_57,VGND,li1,31.7400,68.0000,0.000000
FILLER_23_55,VGND,li1,28.2900,68.0000,0.000000
FILLER_23_51,VGND,li1,27.1400,68.0000,0.000000
FILLER_23_39,VGND,li1,23.4600,68.0000,0.000000
FILLER_23_27,VGND,li1,17.9400,68.0000,0.000000
FILLER_23_15,VGND,li1,12.4200,68.0000,0.000000
FILLER_23_3,VGND,li1,6.9000,68.0000,0.000000
FILLER_22_333,VGND,li1,156.4000,62.5600,0.000000
FILLER_22_321,VGND,li1,153.1800,62.5600,0.000000
FILLER_22_309,VGND,li1,147.6600,62.5600,0.000000
FILLER_22_307,VGND,li1,144.2100,62.5600,0.000000
FILLER_22_301,VGND,li1,142.6000,62.5600,0.000000
FILLER_22_289,VGND,li1,138.4600,62.5600,0.000000
FILLER_22_277,VGND,li1,132.9400,62.5600,0.000000
FILLER_22_265,VGND,li1,127.4200,62.5600,0.000000
FILLER_22_253,VGND,li1,121.9000,62.5600,0.000000
FILLER_22_251,VGND,li1,118.4500,62.5600,0.000000
FILLER_22_245,VGND,li1,116.8400,62.5600,0.000000
FILLER_22_233,VGND,li1,112.7000,62.5600,0.000000
FILLER_22_221,VGND,li1,107.1800,62.5600,0.000000
FILLER_22_209,VGND,li1,101.6600,62.5600,0.000000
FILLER_22_197,VGND,li1,96.1400,62.5600,0.000000
FILLER_22_195,VGND,li1,92.6900,62.5600,0.000000
FILLER_22_189,VGND,li1,91.0800,62.5600,0.000000
FILLER_22_177,VGND,li1,86.9400,62.5600,0.000000
FILLER_22_165,VGND,li1,81.4200,62.5600,0.000000
FILLER_22_153,VGND,li1,75.9000,62.5600,0.000000
FILLER_22_141,VGND,li1,70.3800,62.5600,0.000000
FILLER_22_139,VGND,li1,66.9300,62.5600,0.000000
FILLER_22_133,VGND,li1,65.3200,62.5600,0.000000
FILLER_22_121,VGND,li1,61.1800,62.5600,0.000000
FILLER_22_109,VGND,li1,55.6600,62.5600,0.000000
FILLER_22_97,VGND,li1,50.1400,62.5600,0.000000
FILLER_22_85,VGND,li1,44.6200,62.5600,0.000000
FILLER_22_83,VGND,li1,41.1700,62.5600,0.000000
FILLER_22_77,VGND,li1,39.5600,62.5600,0.000000
FILLER_22_65,VGND,li1,35.4200,62.5600,0.000000
FILLER_22_53,VGND,li1,29.9000,62.5600,0.000000
FILLER_22_41,VGND,li1,24.3800,62.5600,0.000000
FILLER_22_29,VGND,li1,18.8600,62.5600,0.000000
FILLER_22_27,VGND,li1,15.4100,62.5600,0.000000
FILLER_22_15,VGND,li1,12.4200,62.5600,0.000000
FILLER_22_3,VGND,li1,6.9000,62.5600,0.000000
FILLER_21_329,VGND,li1,155.4800,62.5600,0.000000
FILLER_21_317,VGND,li1,151.3400,62.5600,0.000000
FILLER_21_305,VGND,li1,145.8200,62.5600,0.000000
FILLER_21_293,VGND,li1,140.3000,62.5600,0.000000
FILLER_21_281,VGND,li1,134.7800,62.5600,0.000000
FILLER_21_279,VGND,li1,131.3300,62.5600,0.000000
FILLER_21_273,VGND,li1,129.7200,62.5600,0.000000
FILLER_21_261,VGND,li1,125.5800,62.5600,0.000000
FILLER_21_249,VGND,li1,120.0600,62.5600,0.000000
FILLER_21_237,VGND,li1,114.5400,62.5600,0.000000
FILLER_21_225,VGND,li1,109.0200,62.5600,0.000000
FILLER_21_223,VGND,li1,105.5700,62.5600,0.000000
FILLER_21_217,VGND,li1,103.9600,62.5600,0.000000
FILLER_21_205,VGND,li1,99.8200,62.5600,0.000000
FILLER_21_193,VGND,li1,94.3000,62.5600,0.000000
FILLER_21_181,VGND,li1,88.7800,62.5600,0.000000
FILLER_21_169,VGND,li1,83.2600,62.5600,0.000000
FILLER_21_167,VGND,li1,79.8100,62.5600,0.000000
FILLER_21_161,VGND,li1,78.2000,62.5600,0.000000
FILLER_21_149,VGND,li1,74.0600,62.5600,0.000000
FILLER_21_137,VGND,li1,68.5400,62.5600,0.000000
FILLER_21_125,VGND,li1,63.0200,62.5600,0.000000
FILLER_21_113,VGND,li1,57.5000,62.5600,0.000000
FILLER_21_111,VGND,li1,54.0500,62.5600,0.000000
FILLER_21_105,VGND,li1,52.4400,62.5600,0.000000
FILLER_21_93,VGND,li1,48.3000,62.5600,0.000000
FILLER_21_81,VGND,li1,42.7800,62.5600,0.000000
FILLER_21_69,VGND,li1,37.2600,62.5600,0.000000
FILLER_21_57,VGND,li1,31.7400,62.5600,0.000000
FILLER_21_55,VGND,li1,28.2900,62.5600,0.000000
FILLER_21_51,VGND,li1,27.1400,62.5600,0.000000
FILLER_21_39,VGND,li1,23.4600,62.5600,0.000000
FILLER_21_27,VGND,li1,17.9400,62.5600,0.000000
FILLER_21_15,VGND,li1,12.4200,62.5600,0.000000
FILLER_21_3,VGND,li1,6.9000,62.5600,0.000000
FILLER_20_333,VGND,li1,156.4000,57.1200,0.000000
FILLER_20_321,VGND,li1,153.1800,57.1200,0.000000
FILLER_20_309,VGND,li1,147.6600,57.1200,0.000000
FILLER_20_307,VGND,li1,144.2100,57.1200,0.000000
FILLER_20_301,VGND,li1,142.6000,57.1200,0.000000
FILLER_20_289,VGND,li1,138.4600,57.1200,0.000000
FILLER_20_277,VGND,li1,132.9400,57.1200,0.000000
FILLER_20_265,VGND,li1,127.4200,57.1200,0.000000
FILLER_20_253,VGND,li1,121.9000,57.1200,0.000000
FILLER_20_251,VGND,li1,118.4500,57.1200,0.000000
FILLER_20_245,VGND,li1,116.8400,57.1200,0.000000
FILLER_20_233,VGND,li1,112.7000,57.1200,0.000000
FILLER_20_221,VGND,li1,107.1800,57.1200,0.000000
FILLER_20_209,VGND,li1,101.6600,57.1200,0.000000
FILLER_20_197,VGND,li1,96.1400,57.1200,0.000000
FILLER_20_195,VGND,li1,92.6900,57.1200,0.000000
FILLER_20_189,VGND,li1,91.0800,57.1200,0.000000
FILLER_20_177,VGND,li1,86.9400,57.1200,0.000000
FILLER_20_165,VGND,li1,81.4200,57.1200,0.000000
FILLER_20_153,VGND,li1,75.9000,57.1200,0.000000
FILLER_20_141,VGND,li1,70.3800,57.1200,0.000000
FILLER_20_139,VGND,li1,66.9300,57.1200,0.000000
FILLER_20_133,VGND,li1,65.3200,57.1200,0.000000
FILLER_20_121,VGND,li1,61.1800,57.1200,0.000000
FILLER_20_109,VGND,li1,55.6600,57.1200,0.000000
FILLER_20_97,VGND,li1,50.1400,57.1200,0.000000
FILLER_20_85,VGND,li1,44.6200,57.1200,0.000000
FILLER_20_83,VGND,li1,41.1700,57.1200,0.000000
FILLER_20_77,VGND,li1,39.5600,57.1200,0.000000
FILLER_20_65,VGND,li1,35.4200,57.1200,0.000000
FILLER_20_53,VGND,li1,29.9000,57.1200,0.000000
FILLER_20_41,VGND,li1,24.3800,57.1200,0.000000
FILLER_20_29,VGND,li1,18.8600,57.1200,0.000000
FILLER_20_27,VGND,li1,15.4100,57.1200,0.000000
FILLER_20_15,VGND,li1,12.4200,57.1200,0.000000
FILLER_20_3,VGND,li1,6.9000,57.1200,0.000000
FILLER_19_329,VGND,li1,155.4800,57.1200,0.000000
FILLER_19_317,VGND,li1,151.3400,57.1200,0.000000
FILLER_19_305,VGND,li1,145.8200,57.1200,0.000000
FILLER_19_293,VGND,li1,140.3000,57.1200,0.000000
FILLER_19_281,VGND,li1,134.7800,57.1200,0.000000
FILLER_19_279,VGND,li1,131.3300,57.1200,0.000000
FILLER_19_273,VGND,li1,129.7200,57.1200,0.000000
FILLER_19_261,VGND,li1,125.5800,57.1200,0.000000
FILLER_19_249,VGND,li1,120.0600,57.1200,0.000000
FILLER_19_237,VGND,li1,114.5400,57.1200,0.000000
FILLER_19_225,VGND,li1,109.0200,57.1200,0.000000
FILLER_19_223,VGND,li1,105.5700,57.1200,0.000000
FILLER_19_217,VGND,li1,103.9600,57.1200,0.000000
FILLER_19_205,VGND,li1,99.8200,57.1200,0.000000
FILLER_19_193,VGND,li1,94.3000,57.1200,0.000000
FILLER_19_181,VGND,li1,88.7800,57.1200,0.000000
FILLER_19_169,VGND,li1,83.2600,57.1200,0.000000
FILLER_19_167,VGND,li1,79.8100,57.1200,0.000000
FILLER_19_161,VGND,li1,78.2000,57.1200,0.000000
FILLER_19_149,VGND,li1,74.0600,57.1200,0.000000
FILLER_19_137,VGND,li1,68.5400,57.1200,0.000000
FILLER_19_125,VGND,li1,63.0200,57.1200,0.000000
FILLER_19_113,VGND,li1,57.5000,57.1200,0.000000
FILLER_19_111,VGND,li1,54.0500,57.1200,0.000000
FILLER_19_105,VGND,li1,52.4400,57.1200,0.000000
FILLER_19_93,VGND,li1,48.3000,57.1200,0.000000
FILLER_19_81,VGND,li1,42.7800,57.1200,0.000000
FILLER_19_69,VGND,li1,37.2600,57.1200,0.000000
FILLER_19_57,VGND,li1,31.7400,57.1200,0.000000
FILLER_19_55,VGND,li1,28.2900,57.1200,0.000000
FILLER_19_51,VGND,li1,27.1400,57.1200,0.000000
FILLER_19_39,VGND,li1,23.4600,57.1200,0.000000
FILLER_19_27,VGND,li1,17.9400,57.1200,0.000000
FILLER_19_15,VGND,li1,12.4200,57.1200,0.000000
FILLER_19_3,VGND,li1,6.9000,57.1200,0.000000
FILLER_18_333,VGND,li1,156.4000,51.6800,0.000000
FILLER_18_321,VGND,li1,153.1800,51.6800,0.000000
FILLER_18_309,VGND,li1,147.6600,51.6800,0.000000
FILLER_18_307,VGND,li1,144.2100,51.6800,0.000000
FILLER_18_301,VGND,li1,142.6000,51.6800,0.000000
FILLER_18_289,VGND,li1,138.4600,51.6800,0.000000
FILLER_18_277,VGND,li1,132.9400,51.6800,0.000000
FILLER_18_265,VGND,li1,127.4200,51.6800,0.000000
FILLER_18_253,VGND,li1,121.9000,51.6800,0.000000
FILLER_18_251,VGND,li1,118.4500,51.6800,0.000000
FILLER_18_245,VGND,li1,116.8400,51.6800,0.000000
FILLER_18_233,VGND,li1,112.7000,51.6800,0.000000
FILLER_18_221,VGND,li1,107.1800,51.6800,0.000000
FILLER_18_209,VGND,li1,101.6600,51.6800,0.000000
FILLER_18_197,VGND,li1,96.1400,51.6800,0.000000
FILLER_18_195,VGND,li1,92.6900,51.6800,0.000000
FILLER_18_189,VGND,li1,91.0800,51.6800,0.000000
FILLER_18_177,VGND,li1,86.9400,51.6800,0.000000
FILLER_18_165,VGND,li1,81.4200,51.6800,0.000000
FILLER_18_153,VGND,li1,75.9000,51.6800,0.000000
FILLER_18_141,VGND,li1,70.3800,51.6800,0.000000
FILLER_18_139,VGND,li1,66.9300,51.6800,0.000000
FILLER_18_133,VGND,li1,65.3200,51.6800,0.000000
FILLER_18_121,VGND,li1,61.1800,51.6800,0.000000
FILLER_18_109,VGND,li1,55.6600,51.6800,0.000000
FILLER_18_97,VGND,li1,50.1400,51.6800,0.000000
FILLER_18_85,VGND,li1,44.6200,51.6800,0.000000
FILLER_18_83,VGND,li1,41.1700,51.6800,0.000000
FILLER_18_77,VGND,li1,39.5600,51.6800,0.000000
FILLER_18_65,VGND,li1,35.4200,51.6800,0.000000
FILLER_18_53,VGND,li1,29.9000,51.6800,0.000000
FILLER_18_41,VGND,li1,24.3800,51.6800,0.000000
FILLER_18_29,VGND,li1,18.8600,51.6800,0.000000
FILLER_18_27,VGND,li1,15.4100,51.6800,0.000000
FILLER_18_15,VGND,li1,12.4200,51.6800,0.000000
FILLER_18_3,VGND,li1,6.9000,51.6800,0.000000
FILLER_17_329,VGND,li1,155.4800,51.6800,0.000000
FILLER_17_317,VGND,li1,151.3400,51.6800,0.000000
FILLER_17_305,VGND,li1,145.8200,51.6800,0.000000
FILLER_17_293,VGND,li1,140.3000,51.6800,0.000000
FILLER_17_281,VGND,li1,134.7800,51.6800,0.000000
FILLER_17_279,VGND,li1,131.3300,51.6800,0.000000
FILLER_17_273,VGND,li1,129.7200,51.6800,0.000000
FILLER_17_261,VGND,li1,125.5800,51.6800,0.000000
FILLER_17_249,VGND,li1,120.0600,51.6800,0.000000
FILLER_17_237,VGND,li1,114.5400,51.6800,0.000000
FILLER_17_225,VGND,li1,109.0200,51.6800,0.000000
FILLER_17_223,VGND,li1,105.5700,51.6800,0.000000
FILLER_17_217,VGND,li1,103.9600,51.6800,0.000000
FILLER_17_205,VGND,li1,99.8200,51.6800,0.000000
FILLER_17_193,VGND,li1,94.3000,51.6800,0.000000
FILLER_17_181,VGND,li1,88.7800,51.6800,0.000000
FILLER_17_169,VGND,li1,83.2600,51.6800,0.000000
FILLER_17_167,VGND,li1,79.8100,51.6800,0.000000
FILLER_17_161,VGND,li1,78.2000,51.6800,0.000000
FILLER_17_149,VGND,li1,74.0600,51.6800,0.000000
FILLER_17_137,VGND,li1,68.5400,51.6800,0.000000
FILLER_17_125,VGND,li1,63.0200,51.6800,0.000000
FILLER_17_113,VGND,li1,57.5000,51.6800,0.000000
FILLER_17_111,VGND,li1,54.0500,51.6800,0.000000
FILLER_17_105,VGND,li1,52.4400,51.6800,0.000000
FILLER_17_93,VGND,li1,48.3000,51.6800,0.000000
FILLER_17_81,VGND,li1,42.7800,51.6800,0.000000
FILLER_17_69,VGND,li1,37.2600,51.6800,0.000000
FILLER_17_57,VGND,li1,31.7400,51.6800,0.000000
FILLER_17_55,VGND,li1,28.2900,51.6800,0.000000
FILLER_17_51,VGND,li1,27.1400,51.6800,0.000000
FILLER_17_39,VGND,li1,23.4600,51.6800,0.000000
FILLER_17_27,VGND,li1,17.9400,51.6800,0.000000
FILLER_17_15,VGND,li1,12.4200,51.6800,0.000000
FILLER_17_3,VGND,li1,6.9000,51.6800,0.000000
FILLER_16_333,VGND,li1,156.4000,46.2400,0.000000
FILLER_16_321,VGND,li1,153.1800,46.2400,0.000000
FILLER_16_309,VGND,li1,147.6600,46.2400,0.000000
FILLER_16_307,VGND,li1,144.2100,46.2400,0.000000
FILLER_16_301,VGND,li1,142.6000,46.2400,0.000000
FILLER_16_289,VGND,li1,138.4600,46.2400,0.000000
FILLER_16_277,VGND,li1,132.9400,46.2400,0.000000
FILLER_16_265,VGND,li1,127.4200,46.2400,0.000000
FILLER_16_253,VGND,li1,121.9000,46.2400,0.000000
FILLER_16_251,VGND,li1,118.4500,46.2400,0.000000
FILLER_16_245,VGND,li1,116.8400,46.2400,0.000000
FILLER_16_233,VGND,li1,112.7000,46.2400,0.000000
FILLER_16_221,VGND,li1,107.1800,46.2400,0.000000
FILLER_16_209,VGND,li1,101.6600,46.2400,0.000000
FILLER_16_197,VGND,li1,96.1400,46.2400,0.000000
FILLER_16_195,VGND,li1,92.6900,46.2400,0.000000
FILLER_16_189,VGND,li1,91.0800,46.2400,0.000000
FILLER_16_177,VGND,li1,86.9400,46.2400,0.000000
FILLER_16_165,VGND,li1,81.4200,46.2400,0.000000
FILLER_16_153,VGND,li1,75.9000,46.2400,0.000000
FILLER_16_141,VGND,li1,70.3800,46.2400,0.000000
FILLER_16_139,VGND,li1,66.9300,46.2400,0.000000
FILLER_16_133,VGND,li1,65.3200,46.2400,0.000000
FILLER_16_121,VGND,li1,61.1800,46.2400,0.000000
FILLER_16_109,VGND,li1,55.6600,46.2400,0.000000
FILLER_16_97,VGND,li1,50.1400,46.2400,0.000000
FILLER_16_85,VGND,li1,44.6200,46.2400,0.000000
FILLER_16_83,VGND,li1,41.1700,46.2400,0.000000
FILLER_16_77,VGND,li1,39.5600,46.2400,0.000000
FILLER_16_65,VGND,li1,35.4200,46.2400,0.000000
FILLER_16_53,VGND,li1,29.9000,46.2400,0.000000
FILLER_16_41,VGND,li1,24.3800,46.2400,0.000000
FILLER_16_29,VGND,li1,18.8600,46.2400,0.000000
FILLER_16_27,VGND,li1,15.4100,46.2400,0.000000
FILLER_16_15,VGND,li1,12.4200,46.2400,0.000000
FILLER_16_3,VGND,li1,6.9000,46.2400,0.000000
FILLER_15_329,VGND,li1,155.4800,46.2400,0.000000
FILLER_15_317,VGND,li1,151.3400,46.2400,0.000000
FILLER_15_305,VGND,li1,145.8200,46.2400,0.000000
FILLER_15_293,VGND,li1,140.3000,46.2400,0.000000
FILLER_15_281,VGND,li1,134.7800,46.2400,0.000000
FILLER_15_279,VGND,li1,131.3300,46.2400,0.000000
FILLER_15_273,VGND,li1,129.7200,46.2400,0.000000
FILLER_15_261,VGND,li1,125.5800,46.2400,0.000000
FILLER_15_249,VGND,li1,120.0600,46.2400,0.000000
FILLER_15_237,VGND,li1,114.5400,46.2400,0.000000
FILLER_15_225,VGND,li1,109.0200,46.2400,0.000000
FILLER_15_223,VGND,li1,105.5700,46.2400,0.000000
FILLER_15_217,VGND,li1,103.9600,46.2400,0.000000
FILLER_15_205,VGND,li1,99.8200,46.2400,0.000000
FILLER_15_193,VGND,li1,94.3000,46.2400,0.000000
FILLER_15_181,VGND,li1,88.7800,46.2400,0.000000
FILLER_15_169,VGND,li1,83.2600,46.2400,0.000000
FILLER_15_167,VGND,li1,79.8100,46.2400,0.000000
FILLER_15_161,VGND,li1,78.2000,46.2400,0.000000
FILLER_15_149,VGND,li1,74.0600,46.2400,0.000000
FILLER_15_137,VGND,li1,68.5400,46.2400,0.000000
FILLER_15_125,VGND,li1,63.0200,46.2400,0.000000
FILLER_15_113,VGND,li1,57.5000,46.2400,0.000000
FILLER_15_111,VGND,li1,54.0500,46.2400,0.000000
FILLER_15_105,VGND,li1,52.4400,46.2400,0.000000
FILLER_15_93,VGND,li1,48.3000,46.2400,0.000000
FILLER_15_81,VGND,li1,42.7800,46.2400,0.000000
FILLER_15_69,VGND,li1,37.2600,46.2400,0.000000
FILLER_15_57,VGND,li1,31.7400,46.2400,0.000000
FILLER_15_55,VGND,li1,28.2900,46.2400,0.000000
FILLER_15_51,VGND,li1,27.1400,46.2400,0.000000
FILLER_15_39,VGND,li1,23.4600,46.2400,0.000000
FILLER_15_27,VGND,li1,17.9400,46.2400,0.000000
FILLER_15_15,VGND,li1,12.4200,46.2400,0.000000
FILLER_15_3,VGND,li1,6.9000,46.2400,0.000000
FILLER_14_333,VGND,li1,156.4000,40.8000,0.000000
FILLER_14_321,VGND,li1,153.1800,40.8000,0.000000
FILLER_14_309,VGND,li1,147.6600,40.8000,0.000000
FILLER_14_307,VGND,li1,144.2100,40.8000,0.000000
FILLER_14_301,VGND,li1,142.6000,40.8000,0.000000
FILLER_14_289,VGND,li1,138.4600,40.8000,0.000000
FILLER_14_277,VGND,li1,132.9400,40.8000,0.000000
FILLER_14_265,VGND,li1,127.4200,40.8000,0.000000
FILLER_14_253,VGND,li1,121.9000,40.8000,0.000000
FILLER_14_251,VGND,li1,118.4500,40.8000,0.000000
FILLER_14_245,VGND,li1,116.8400,40.8000,0.000000
FILLER_14_233,VGND,li1,112.7000,40.8000,0.000000
FILLER_14_221,VGND,li1,107.1800,40.8000,0.000000
FILLER_14_209,VGND,li1,101.6600,40.8000,0.000000
FILLER_14_197,VGND,li1,96.1400,40.8000,0.000000
FILLER_14_195,VGND,li1,92.6900,40.8000,0.000000
FILLER_14_189,VGND,li1,91.0800,40.8000,0.000000
FILLER_14_177,VGND,li1,86.9400,40.8000,0.000000
FILLER_14_165,VGND,li1,81.4200,40.8000,0.000000
FILLER_14_153,VGND,li1,75.9000,40.8000,0.000000
FILLER_14_141,VGND,li1,70.3800,40.8000,0.000000
FILLER_14_139,VGND,li1,66.9300,40.8000,0.000000
FILLER_14_133,VGND,li1,65.3200,40.8000,0.000000
FILLER_14_121,VGND,li1,61.1800,40.8000,0.000000
FILLER_14_109,VGND,li1,55.6600,40.8000,0.000000
FILLER_14_97,VGND,li1,50.1400,40.8000,0.000000
FILLER_14_85,VGND,li1,44.6200,40.8000,0.000000
FILLER_14_83,VGND,li1,41.1700,40.8000,0.000000
FILLER_14_77,VGND,li1,39.5600,40.8000,0.000000
FILLER_14_65,VGND,li1,35.4200,40.8000,0.000000
FILLER_14_53,VGND,li1,29.9000,40.8000,0.000000
FILLER_14_41,VGND,li1,24.3800,40.8000,0.000000
FILLER_14_29,VGND,li1,18.8600,40.8000,0.000000
FILLER_14_27,VGND,li1,15.4100,40.8000,0.000000
FILLER_14_15,VGND,li1,12.4200,40.8000,0.000000
FILLER_14_3,VGND,li1,6.9000,40.8000,0.000000
FILLER_13_329,VGND,li1,155.4800,40.8000,0.000000
FILLER_13_317,VGND,li1,151.3400,40.8000,0.000000
FILLER_13_305,VGND,li1,145.8200,40.8000,0.000000
FILLER_13_293,VGND,li1,140.3000,40.8000,0.000000
FILLER_13_281,VGND,li1,134.7800,40.8000,0.000000
FILLER_13_279,VGND,li1,131.3300,40.8000,0.000000
FILLER_13_273,VGND,li1,129.7200,40.8000,0.000000
FILLER_13_261,VGND,li1,125.5800,40.8000,0.000000
FILLER_13_249,VGND,li1,120.0600,40.8000,0.000000
FILLER_13_237,VGND,li1,114.5400,40.8000,0.000000
FILLER_13_225,VGND,li1,109.0200,40.8000,0.000000
FILLER_13_223,VGND,li1,105.5700,40.8000,0.000000
FILLER_13_217,VGND,li1,103.9600,40.8000,0.000000
FILLER_13_205,VGND,li1,99.8200,40.8000,0.000000
FILLER_13_193,VGND,li1,94.3000,40.8000,0.000000
FILLER_13_181,VGND,li1,88.7800,40.8000,0.000000
FILLER_13_169,VGND,li1,83.2600,40.8000,0.000000
FILLER_13_167,VGND,li1,79.8100,40.8000,0.000000
FILLER_13_161,VGND,li1,78.2000,40.8000,0.000000
FILLER_13_149,VGND,li1,74.0600,40.8000,0.000000
FILLER_13_137,VGND,li1,68.5400,40.8000,0.000000
FILLER_13_125,VGND,li1,63.0200,40.8000,0.000000
FILLER_13_113,VGND,li1,57.5000,40.8000,0.000000
FILLER_13_111,VGND,li1,54.0500,40.8000,0.000000
FILLER_13_105,VGND,li1,52.4400,40.8000,0.000000
FILLER_13_93,VGND,li1,48.3000,40.8000,0.000000
FILLER_13_81,VGND,li1,42.7800,40.8000,0.000000
FILLER_13_69,VGND,li1,37.2600,40.8000,0.000000
FILLER_13_57,VGND,li1,31.7400,40.8000,0.000000
FILLER_13_55,VGND,li1,28.2900,40.8000,0.000000
FILLER_13_51,VGND,li1,27.1400,40.8000,0.000000
FILLER_13_39,VGND,li1,23.4600,40.8000,0.000000
FILLER_13_27,VGND,li1,17.9400,40.8000,0.000000
FILLER_13_15,VGND,li1,12.4200,40.8000,0.000000
FILLER_13_3,VGND,li1,6.9000,40.8000,0.000000
FILLER_12_333,VGND,li1,156.4000,35.3600,0.000000
FILLER_12_321,VGND,li1,153.1800,35.3600,0.000000
FILLER_12_309,VGND,li1,147.6600,35.3600,0.000000
FILLER_12_307,VGND,li1,144.2100,35.3600,0.000000
FILLER_12_301,VGND,li1,142.6000,35.3600,0.000000
FILLER_12_289,VGND,li1,138.4600,35.3600,0.000000
FILLER_12_277,VGND,li1,132.9400,35.3600,0.000000
FILLER_12_265,VGND,li1,127.4200,35.3600,0.000000
FILLER_12_253,VGND,li1,121.9000,35.3600,0.000000
FILLER_12_251,VGND,li1,118.4500,35.3600,0.000000
FILLER_12_245,VGND,li1,116.8400,35.3600,0.000000
FILLER_12_233,VGND,li1,112.7000,35.3600,0.000000
FILLER_12_221,VGND,li1,107.1800,35.3600,0.000000
FILLER_12_209,VGND,li1,101.6600,35.3600,0.000000
FILLER_12_197,VGND,li1,96.1400,35.3600,0.000000
FILLER_12_195,VGND,li1,92.6900,35.3600,0.000000
FILLER_12_189,VGND,li1,91.0800,35.3600,0.000000
FILLER_12_177,VGND,li1,86.9400,35.3600,0.000000
FILLER_12_165,VGND,li1,81.4200,35.3600,0.000000
FILLER_12_153,VGND,li1,75.9000,35.3600,0.000000
FILLER_12_141,VGND,li1,70.3800,35.3600,0.000000
FILLER_12_139,VGND,li1,66.9300,35.3600,0.000000
FILLER_12_133,VGND,li1,65.3200,35.3600,0.000000
FILLER_12_121,VGND,li1,61.1800,35.3600,0.000000
FILLER_12_109,VGND,li1,55.6600,35.3600,0.000000
FILLER_12_97,VGND,li1,50.1400,35.3600,0.000000
FILLER_12_85,VGND,li1,44.6200,35.3600,0.000000
FILLER_12_83,VGND,li1,41.1700,35.3600,0.000000
FILLER_12_77,VGND,li1,39.5600,35.3600,0.000000
FILLER_12_65,VGND,li1,35.4200,35.3600,0.000000
FILLER_12_53,VGND,li1,29.9000,35.3600,0.000000
FILLER_12_41,VGND,li1,24.3800,35.3600,0.000000
FILLER_12_29,VGND,li1,18.8600,35.3600,0.000000
FILLER_12_27,VGND,li1,15.4100,35.3600,0.000000
FILLER_12_15,VGND,li1,12.4200,35.3600,0.000000
FILLER_12_3,VGND,li1,6.9000,35.3600,0.000000
FILLER_11_329,VGND,li1,155.4800,35.3600,0.000000
FILLER_11_317,VGND,li1,151.3400,35.3600,0.000000
FILLER_11_305,VGND,li1,145.8200,35.3600,0.000000
FILLER_11_293,VGND,li1,140.3000,35.3600,0.000000
FILLER_11_281,VGND,li1,134.7800,35.3600,0.000000
FILLER_11_279,VGND,li1,131.3300,35.3600,0.000000
FILLER_11_273,VGND,li1,129.7200,35.3600,0.000000
FILLER_11_261,VGND,li1,125.5800,35.3600,0.000000
FILLER_11_249,VGND,li1,120.0600,35.3600,0.000000
FILLER_11_237,VGND,li1,114.5400,35.3600,0.000000
FILLER_11_225,VGND,li1,109.0200,35.3600,0.000000
FILLER_11_223,VGND,li1,105.5700,35.3600,0.000000
FILLER_11_217,VGND,li1,103.9600,35.3600,0.000000
FILLER_11_205,VGND,li1,99.8200,35.3600,0.000000
FILLER_11_193,VGND,li1,94.3000,35.3600,0.000000
FILLER_11_181,VGND,li1,88.7800,35.3600,0.000000
FILLER_11_169,VGND,li1,83.2600,35.3600,0.000000
FILLER_11_167,VGND,li1,79.8100,35.3600,0.000000
FILLER_11_161,VGND,li1,78.2000,35.3600,0.000000
FILLER_11_149,VGND,li1,74.0600,35.3600,0.000000
FILLER_11_137,VGND,li1,68.5400,35.3600,0.000000
FILLER_11_125,VGND,li1,63.0200,35.3600,0.000000
FILLER_11_113,VGND,li1,57.5000,35.3600,0.000000
FILLER_11_111,VGND,li1,54.0500,35.3600,0.000000
FILLER_11_105,VGND,li1,52.4400,35.3600,0.000000
FILLER_11_93,VGND,li1,48.3000,35.3600,0.000000
FILLER_11_81,VGND,li1,42.7800,35.3600,0.000000
FILLER_11_69,VGND,li1,37.2600,35.3600,0.000000
FILLER_11_57,VGND,li1,31.7400,35.3600,0.000000
FILLER_11_55,VGND,li1,28.2900,35.3600,0.000000
FILLER_11_51,VGND,li1,27.1400,35.3600,0.000000
FILLER_11_39,VGND,li1,23.4600,35.3600,0.000000
FILLER_11_27,VGND,li1,17.9400,35.3600,0.000000
FILLER_11_15,VGND,li1,12.4200,35.3600,0.000000
FILLER_11_3,VGND,li1,6.9000,35.3600,0.000000
FILLER_10_333,VGND,li1,156.4000,29.9200,0.000000
FILLER_10_321,VGND,li1,153.1800,29.9200,0.000000
FILLER_10_309,VGND,li1,147.6600,29.9200,0.000000
FILLER_10_307,VGND,li1,144.2100,29.9200,0.000000
FILLER_10_301,VGND,li1,142.6000,29.9200,0.000000
FILLER_10_289,VGND,li1,138.4600,29.9200,0.000000
FILLER_10_277,VGND,li1,132.9400,29.9200,0.000000
FILLER_10_265,VGND,li1,127.4200,29.9200,0.000000
FILLER_10_253,VGND,li1,121.9000,29.9200,0.000000
FILLER_10_251,VGND,li1,118.4500,29.9200,0.000000
FILLER_10_245,VGND,li1,116.8400,29.9200,0.000000
FILLER_10_233,VGND,li1,112.7000,29.9200,0.000000
FILLER_10_221,VGND,li1,107.1800,29.9200,0.000000
FILLER_10_209,VGND,li1,101.6600,29.9200,0.000000
FILLER_10_197,VGND,li1,96.1400,29.9200,0.000000
FILLER_10_195,VGND,li1,92.6900,29.9200,0.000000
FILLER_10_189,VGND,li1,91.0800,29.9200,0.000000
FILLER_10_177,VGND,li1,86.9400,29.9200,0.000000
FILLER_10_165,VGND,li1,81.4200,29.9200,0.000000
FILLER_10_153,VGND,li1,75.9000,29.9200,0.000000
FILLER_10_141,VGND,li1,70.3800,29.9200,0.000000
FILLER_10_139,VGND,li1,66.9300,29.9200,0.000000
FILLER_10_133,VGND,li1,65.3200,29.9200,0.000000
FILLER_10_121,VGND,li1,61.1800,29.9200,0.000000
FILLER_10_109,VGND,li1,55.6600,29.9200,0.000000
FILLER_10_97,VGND,li1,50.1400,29.9200,0.000000
FILLER_10_85,VGND,li1,44.6200,29.9200,0.000000
FILLER_10_83,VGND,li1,41.1700,29.9200,0.000000
FILLER_10_77,VGND,li1,39.5600,29.9200,0.000000
FILLER_10_65,VGND,li1,35.4200,29.9200,0.000000
FILLER_10_53,VGND,li1,29.9000,29.9200,0.000000
FILLER_10_41,VGND,li1,24.3800,29.9200,0.000000
FILLER_10_29,VGND,li1,18.8600,29.9200,0.000000
FILLER_10_27,VGND,li1,15.4100,29.9200,0.000000
FILLER_10_15,VGND,li1,12.4200,29.9200,0.000000
FILLER_10_3,VGND,li1,6.9000,29.9200,0.000000
FILLER_9_329,VGND,li1,155.4800,29.9200,0.000000
FILLER_9_317,VGND,li1,151.3400,29.9200,0.000000
FILLER_9_305,VGND,li1,145.8200,29.9200,0.000000
FILLER_9_293,VGND,li1,140.3000,29.9200,0.000000
FILLER_9_281,VGND,li1,134.7800,29.9200,0.000000
FILLER_9_279,VGND,li1,131.3300,29.9200,0.000000
FILLER_9_273,VGND,li1,129.7200,29.9200,0.000000
FILLER_9_261,VGND,li1,125.5800,29.9200,0.000000
FILLER_9_249,VGND,li1,120.0600,29.9200,0.000000
FILLER_9_237,VGND,li1,114.5400,29.9200,0.000000
FILLER_9_225,VGND,li1,109.0200,29.9200,0.000000
FILLER_9_223,VGND,li1,105.5700,29.9200,0.000000
FILLER_9_217,VGND,li1,103.9600,29.9200,0.000000
FILLER_9_205,VGND,li1,99.8200,29.9200,0.000000
FILLER_9_193,VGND,li1,94.3000,29.9200,0.000000
FILLER_9_181,VGND,li1,88.7800,29.9200,0.000000
FILLER_9_169,VGND,li1,83.2600,29.9200,0.000000
FILLER_9_167,VGND,li1,79.8100,29.9200,0.000000
FILLER_9_161,VGND,li1,78.2000,29.9200,0.000000
FILLER_9_149,VGND,li1,74.0600,29.9200,0.000000
FILLER_9_137,VGND,li1,68.5400,29.9200,0.000000
FILLER_9_125,VGND,li1,63.0200,29.9200,0.000000
FILLER_9_113,VGND,li1,57.5000,29.9200,0.000000
FILLER_9_111,VGND,li1,54.0500,29.9200,0.000000
FILLER_9_105,VGND,li1,52.4400,29.9200,0.000000
FILLER_9_93,VGND,li1,48.3000,29.9200,0.000000
FILLER_9_81,VGND,li1,42.7800,29.9200,0.000000
FILLER_9_69,VGND,li1,37.2600,29.9200,0.000000
FILLER_9_57,VGND,li1,31.7400,29.9200,0.000000
FILLER_9_55,VGND,li1,28.2900,29.9200,0.000000
FILLER_9_51,VGND,li1,27.1400,29.9200,0.000000
FILLER_9_39,VGND,li1,23.4600,29.9200,0.000000
FILLER_9_27,VGND,li1,17.9400,29.9200,0.000000
FILLER_9_15,VGND,li1,12.4200,29.9200,0.000000
FILLER_9_3,VGND,li1,6.9000,29.9200,0.000000
FILLER_8_333,VGND,li1,156.4000,24.4800,0.000000
FILLER_8_321,VGND,li1,153.1800,24.4800,0.000000
FILLER_8_309,VGND,li1,147.6600,24.4800,0.000000
FILLER_8_307,VGND,li1,144.2100,24.4800,0.000000
FILLER_8_301,VGND,li1,142.6000,24.4800,0.000000
FILLER_8_289,VGND,li1,138.4600,24.4800,0.000000
FILLER_8_277,VGND,li1,132.9400,24.4800,0.000000
FILLER_8_265,VGND,li1,127.4200,24.4800,0.000000
FILLER_8_253,VGND,li1,121.9000,24.4800,0.000000
FILLER_8_251,VGND,li1,118.4500,24.4800,0.000000
FILLER_8_245,VGND,li1,116.8400,24.4800,0.000000
FILLER_8_233,VGND,li1,112.7000,24.4800,0.000000
FILLER_8_221,VGND,li1,107.1800,24.4800,0.000000
FILLER_8_209,VGND,li1,101.6600,24.4800,0.000000
FILLER_8_197,VGND,li1,96.1400,24.4800,0.000000
FILLER_8_195,VGND,li1,92.6900,24.4800,0.000000
FILLER_8_189,VGND,li1,91.0800,24.4800,0.000000
FILLER_8_177,VGND,li1,86.9400,24.4800,0.000000
FILLER_8_165,VGND,li1,81.4200,24.4800,0.000000
FILLER_8_153,VGND,li1,75.9000,24.4800,0.000000
FILLER_8_141,VGND,li1,70.3800,24.4800,0.000000
FILLER_8_139,VGND,li1,66.9300,24.4800,0.000000
FILLER_8_133,VGND,li1,65.3200,24.4800,0.000000
FILLER_8_121,VGND,li1,61.1800,24.4800,0.000000
FILLER_8_109,VGND,li1,55.6600,24.4800,0.000000
FILLER_8_97,VGND,li1,50.1400,24.4800,0.000000
FILLER_8_85,VGND,li1,44.6200,24.4800,0.000000
FILLER_8_83,VGND,li1,41.1700,24.4800,0.000000
FILLER_8_77,VGND,li1,39.5600,24.4800,0.000000
FILLER_8_65,VGND,li1,35.4200,24.4800,0.000000
FILLER_8_53,VGND,li1,29.9000,24.4800,0.000000
FILLER_8_41,VGND,li1,24.3800,24.4800,0.000000
FILLER_8_29,VGND,li1,18.8600,24.4800,0.000000
FILLER_8_27,VGND,li1,15.4100,24.4800,0.000000
FILLER_8_15,VGND,li1,12.4200,24.4800,0.000000
FILLER_8_3,VGND,li1,6.9000,24.4800,0.000000
FILLER_7_329,VGND,li1,155.4800,24.4800,0.000000
FILLER_7_317,VGND,li1,151.3400,24.4800,0.000000
FILLER_7_305,VGND,li1,145.8200,24.4800,0.000000
FILLER_7_293,VGND,li1,140.3000,24.4800,0.000000
FILLER_7_281,VGND,li1,134.7800,24.4800,0.000000
FILLER_7_279,VGND,li1,131.3300,24.4800,0.000000
FILLER_7_273,VGND,li1,129.7200,24.4800,0.000000
FILLER_7_261,VGND,li1,125.5800,24.4800,0.000000
FILLER_7_249,VGND,li1,120.0600,24.4800,0.000000
FILLER_7_237,VGND,li1,114.5400,24.4800,0.000000
FILLER_7_225,VGND,li1,109.0200,24.4800,0.000000
FILLER_7_223,VGND,li1,105.5700,24.4800,0.000000
FILLER_7_217,VGND,li1,103.9600,24.4800,0.000000
FILLER_7_205,VGND,li1,99.8200,24.4800,0.000000
FILLER_7_193,VGND,li1,94.3000,24.4800,0.000000
FILLER_7_181,VGND,li1,88.7800,24.4800,0.000000
FILLER_7_169,VGND,li1,83.2600,24.4800,0.000000
FILLER_7_167,VGND,li1,79.8100,24.4800,0.000000
FILLER_7_161,VGND,li1,78.2000,24.4800,0.000000
FILLER_7_149,VGND,li1,74.0600,24.4800,0.000000
FILLER_7_137,VGND,li1,68.5400,24.4800,0.000000
FILLER_7_125,VGND,li1,63.0200,24.4800,0.000000
FILLER_7_113,VGND,li1,57.5000,24.4800,0.000000
FILLER_7_111,VGND,li1,54.0500,24.4800,0.000000
FILLER_7_105,VGND,li1,52.4400,24.4800,0.000000
FILLER_7_93,VGND,li1,48.3000,24.4800,0.000000
FILLER_7_81,VGND,li1,42.7800,24.4800,0.000000
FILLER_7_69,VGND,li1,37.2600,24.4800,0.000000
FILLER_7_57,VGND,li1,31.7400,24.4800,0.000000
FILLER_7_55,VGND,li1,28.2900,24.4800,0.000000
FILLER_7_51,VGND,li1,27.1400,24.4800,0.000000
FILLER_7_39,VGND,li1,23.4600,24.4800,0.000000
FILLER_7_27,VGND,li1,17.9400,24.4800,0.000000
FILLER_7_15,VGND,li1,12.4200,24.4800,0.000000
FILLER_7_3,VGND,li1,6.9000,24.4800,0.000000
FILLER_6_333,VGND,li1,156.4000,19.0400,0.000000
FILLER_6_321,VGND,li1,153.1800,19.0400,0.000000
FILLER_6_309,VGND,li1,147.6600,19.0400,0.000000
FILLER_6_307,VGND,li1,144.2100,19.0400,0.000000
FILLER_6_301,VGND,li1,142.6000,19.0400,0.000000
FILLER_6_289,VGND,li1,138.4600,19.0400,0.000000
FILLER_6_277,VGND,li1,132.9400,19.0400,0.000000
FILLER_6_265,VGND,li1,127.4200,19.0400,0.000000
FILLER_6_253,VGND,li1,121.9000,19.0400,0.000000
FILLER_6_251,VGND,li1,118.4500,19.0400,0.000000
FILLER_6_245,VGND,li1,116.8400,19.0400,0.000000
FILLER_6_233,VGND,li1,112.7000,19.0400,0.000000
FILLER_6_221,VGND,li1,107.1800,19.0400,0.000000
FILLER_6_209,VGND,li1,101.6600,19.0400,0.000000
FILLER_6_197,VGND,li1,96.1400,19.0400,0.000000
FILLER_6_195,VGND,li1,92.6900,19.0400,0.000000
FILLER_6_189,VGND,li1,91.0800,19.0400,0.000000
FILLER_6_177,VGND,li1,86.9400,19.0400,0.000000
FILLER_6_165,VGND,li1,81.4200,19.0400,0.000000
FILLER_6_153,VGND,li1,75.9000,19.0400,0.000000
FILLER_6_141,VGND,li1,70.3800,19.0400,0.000000
FILLER_6_139,VGND,li1,66.9300,19.0400,0.000000
FILLER_6_133,VGND,li1,65.3200,19.0400,0.000000
FILLER_6_121,VGND,li1,61.1800,19.0400,0.000000
FILLER_6_109,VGND,li1,55.6600,19.0400,0.000000
FILLER_6_97,VGND,li1,50.1400,19.0400,0.000000
FILLER_6_85,VGND,li1,44.6200,19.0400,0.000000
FILLER_6_83,VGND,li1,41.1700,19.0400,0.000000
FILLER_6_77,VGND,li1,39.5600,19.0400,0.000000
FILLER_6_65,VGND,li1,35.4200,19.0400,0.000000
FILLER_6_53,VGND,li1,29.9000,19.0400,0.000000
FILLER_6_41,VGND,li1,24.3800,19.0400,0.000000
FILLER_6_29,VGND,li1,18.8600,19.0400,0.000000
FILLER_6_27,VGND,li1,15.4100,19.0400,0.000000
FILLER_6_15,VGND,li1,12.4200,19.0400,0.000000
FILLER_6_3,VGND,li1,6.9000,19.0400,0.000000
FILLER_5_329,VGND,li1,155.4800,19.0400,0.000000
FILLER_5_317,VGND,li1,151.3400,19.0400,0.000000
FILLER_5_305,VGND,li1,145.8200,19.0400,0.000000
FILLER_5_293,VGND,li1,140.3000,19.0400,0.000000
FILLER_5_281,VGND,li1,134.7800,19.0400,0.000000
FILLER_5_279,VGND,li1,131.3300,19.0400,0.000000
FILLER_5_273,VGND,li1,129.7200,19.0400,0.000000
FILLER_5_261,VGND,li1,125.5800,19.0400,0.000000
FILLER_5_249,VGND,li1,120.0600,19.0400,0.000000
FILLER_5_237,VGND,li1,114.5400,19.0400,0.000000
FILLER_5_225,VGND,li1,109.0200,19.0400,0.000000
FILLER_5_223,VGND,li1,105.5700,19.0400,0.000000
FILLER_5_217,VGND,li1,103.9600,19.0400,0.000000
FILLER_5_205,VGND,li1,99.8200,19.0400,0.000000
FILLER_5_193,VGND,li1,94.3000,19.0400,0.000000
FILLER_5_181,VGND,li1,88.7800,19.0400,0.000000
FILLER_5_169,VGND,li1,83.2600,19.0400,0.000000
FILLER_5_167,VGND,li1,79.8100,19.0400,0.000000
FILLER_5_161,VGND,li1,78.2000,19.0400,0.000000
FILLER_5_149,VGND,li1,74.0600,19.0400,0.000000
FILLER_5_137,VGND,li1,68.5400,19.0400,0.000000
FILLER_5_125,VGND,li1,63.0200,19.0400,0.000000
FILLER_5_113,VGND,li1,57.5000,19.0400,0.000000
FILLER_5_111,VGND,li1,54.0500,19.0400,0.000000
FILLER_5_105,VGND,li1,52.4400,19.0400,0.000000
FILLER_5_93,VGND,li1,48.3000,19.0400,0.000000
FILLER_5_81,VGND,li1,42.7800,19.0400,0.000000
FILLER_5_69,VGND,li1,37.2600,19.0400,0.000000
FILLER_5_57,VGND,li1,31.7400,19.0400,0.000000
FILLER_5_55,VGND,li1,28.2900,19.0400,0.000000
FILLER_5_51,VGND,li1,27.1400,19.0400,0.000000
FILLER_5_39,VGND,li1,23.4600,19.0400,0.000000
FILLER_5_27,VGND,li1,17.9400,19.0400,0.000000
FILLER_5_15,VGND,li1,12.4200,19.0400,0.000000
FILLER_5_3,VGND,li1,6.9000,19.0400,0.000000
FILLER_4_333,VGND,li1,156.4000,13.6000,0.000000
FILLER_4_321,VGND,li1,153.1800,13.6000,0.000000
FILLER_4_309,VGND,li1,147.6600,13.6000,0.000000
FILLER_4_307,VGND,li1,144.2100,13.6000,0.000000
FILLER_4_301,VGND,li1,142.6000,13.6000,0.000000
FILLER_4_289,VGND,li1,138.4600,13.6000,0.000000
FILLER_4_277,VGND,li1,132.9400,13.6000,0.000000
FILLER_4_265,VGND,li1,127.4200,13.6000,0.000000
FILLER_4_253,VGND,li1,121.9000,13.6000,0.000000
FILLER_4_251,VGND,li1,118.4500,13.6000,0.000000
FILLER_4_245,VGND,li1,116.8400,13.6000,0.000000
FILLER_4_233,VGND,li1,112.7000,13.6000,0.000000
FILLER_4_221,VGND,li1,107.1800,13.6000,0.000000
FILLER_4_209,VGND,li1,101.6600,13.6000,0.000000
FILLER_4_197,VGND,li1,96.1400,13.6000,0.000000
FILLER_4_195,VGND,li1,92.6900,13.6000,0.000000
FILLER_4_189,VGND,li1,91.0800,13.6000,0.000000
FILLER_4_177,VGND,li1,86.9400,13.6000,0.000000
FILLER_4_165,VGND,li1,81.4200,13.6000,0.000000
FILLER_4_153,VGND,li1,75.9000,13.6000,0.000000
FILLER_4_141,VGND,li1,70.3800,13.6000,0.000000
FILLER_4_139,VGND,li1,66.9300,13.6000,0.000000
FILLER_4_133,VGND,li1,65.3200,13.6000,0.000000
FILLER_4_121,VGND,li1,61.1800,13.6000,0.000000
FILLER_4_109,VGND,li1,55.6600,13.6000,0.000000
FILLER_4_97,VGND,li1,50.1400,13.6000,0.000000
FILLER_4_85,VGND,li1,44.6200,13.6000,0.000000
FILLER_4_83,VGND,li1,41.1700,13.6000,0.000000
FILLER_4_77,VGND,li1,39.5600,13.6000,0.000000
FILLER_4_65,VGND,li1,35.4200,13.6000,0.000000
FILLER_4_53,VGND,li1,29.9000,13.6000,0.000000
FILLER_4_41,VGND,li1,24.3800,13.6000,0.000000
FILLER_4_29,VGND,li1,18.8600,13.6000,0.000000
FILLER_4_27,VGND,li1,15.4100,13.6000,0.000000
FILLER_4_15,VGND,li1,12.4200,13.6000,0.000000
FILLER_4_3,VGND,li1,6.9000,13.6000,0.000000
FILLER_3_329,VGND,li1,155.4800,13.6000,0.000000
FILLER_3_317,VGND,li1,151.3400,13.6000,0.000000
FILLER_3_305,VGND,li1,145.8200,13.6000,0.000000
FILLER_3_293,VGND,li1,140.3000,13.6000,0.000000
FILLER_3_281,VGND,li1,134.7800,13.6000,0.000000
FILLER_3_279,VGND,li1,131.3300,13.6000,0.000000
FILLER_3_273,VGND,li1,129.7200,13.6000,0.000000
FILLER_3_261,VGND,li1,125.5800,13.6000,0.000000
FILLER_3_249,VGND,li1,120.0600,13.6000,0.000000
FILLER_3_237,VGND,li1,114.5400,13.6000,0.000000
FILLER_3_225,VGND,li1,109.0200,13.6000,0.000000
FILLER_3_223,VGND,li1,105.5700,13.6000,0.000000
FILLER_3_217,VGND,li1,103.9600,13.6000,0.000000
FILLER_3_205,VGND,li1,99.8200,13.6000,0.000000
FILLER_3_193,VGND,li1,94.3000,13.6000,0.000000
FILLER_3_181,VGND,li1,88.7800,13.6000,0.000000
FILLER_3_169,VGND,li1,83.2600,13.6000,0.000000
FILLER_3_167,VGND,li1,79.8100,13.6000,0.000000
FILLER_3_161,VGND,li1,78.2000,13.6000,0.000000
FILLER_3_149,VGND,li1,74.0600,13.6000,0.000000
FILLER_3_137,VGND,li1,68.5400,13.6000,0.000000
FILLER_3_125,VGND,li1,63.0200,13.6000,0.000000
FILLER_3_113,VGND,li1,57.5000,13.6000,0.000000
FILLER_3_111,VGND,li1,54.0500,13.6000,0.000000
FILLER_3_105,VGND,li1,52.4400,13.6000,0.000000
FILLER_3_93,VGND,li1,48.3000,13.6000,0.000000
FILLER_3_81,VGND,li1,42.7800,13.6000,0.000000
FILLER_3_69,VGND,li1,37.2600,13.6000,0.000000
FILLER_3_57,VGND,li1,31.7400,13.6000,0.000000
FILLER_3_55,VGND,li1,28.2900,13.6000,0.000000
FILLER_3_51,VGND,li1,27.1400,13.6000,0.000000
FILLER_3_39,VGND,li1,23.4600,13.6000,0.000000
FILLER_3_27,VGND,li1,17.9400,13.6000,0.000000
FILLER_3_15,VGND,li1,12.4200,13.6000,0.000000
FILLER_3_3,VGND,li1,6.9000,13.6000,0.000000
FILLER_2_333,VGND,li1,156.4000,8.1600,0.000000
FILLER_2_321,VGND,li1,153.1800,8.1600,0.000000
FILLER_2_309,VGND,li1,147.6600,8.1600,0.000000
FILLER_2_307,VGND,li1,144.2100,8.1600,0.000000
FILLER_2_301,VGND,li1,142.6000,8.1600,0.000000
FILLER_2_289,VGND,li1,138.4600,8.1600,0.000000
FILLER_2_277,VGND,li1,132.9400,8.1600,0.000000
FILLER_2_265,VGND,li1,127.4200,8.1600,0.000000
FILLER_2_253,VGND,li1,121.9000,8.1600,0.000000
FILLER_2_251,VGND,li1,118.4500,8.1600,0.000000
FILLER_2_245,VGND,li1,116.8400,8.1600,0.000000
FILLER_2_233,VGND,li1,112.7000,8.1600,0.000000
FILLER_2_221,VGND,li1,107.1800,8.1600,0.000000
FILLER_2_209,VGND,li1,101.6600,8.1600,0.000000
FILLER_2_197,VGND,li1,96.1400,8.1600,0.000000
FILLER_2_195,VGND,li1,92.6900,8.1600,0.000000
FILLER_2_189,VGND,li1,91.0800,8.1600,0.000000
FILLER_2_177,VGND,li1,86.9400,8.1600,0.000000
FILLER_2_165,VGND,li1,81.4200,8.1600,0.000000
FILLER_2_153,VGND,li1,75.9000,8.1600,0.000000
FILLER_2_141,VGND,li1,70.3800,8.1600,0.000000
FILLER_2_139,VGND,li1,66.9300,8.1600,0.000000
FILLER_2_133,VGND,li1,65.3200,8.1600,0.000000
FILLER_2_121,VGND,li1,61.1800,8.1600,0.000000
FILLER_2_109,VGND,li1,55.6600,8.1600,0.000000
FILLER_2_97,VGND,li1,50.1400,8.1600,0.000000
FILLER_2_85,VGND,li1,44.6200,8.1600,0.000000
FILLER_2_83,VGND,li1,41.1700,8.1600,0.000000
FILLER_2_77,VGND,li1,39.5600,8.1600,0.000000
FILLER_2_65,VGND,li1,35.4200,8.1600,0.000000
FILLER_2_53,VGND,li1,29.9000,8.1600,0.000000
FILLER_2_41,VGND,li1,24.3800,8.1600,0.000000
FILLER_2_29,VGND,li1,18.8600,8.1600,0.000000
FILLER_2_27,VGND,li1,15.4100,8.1600,0.000000
FILLER_2_15,VGND,li1,12.4200,8.1600,0.000000
FILLER_2_3,VGND,li1,6.9000,8.1600,0.000000
FILLER_1_329,VGND,li1,155.4800,8.1600,0.000000
FILLER_1_317,VGND,li1,151.3400,8.1600,0.000000
FILLER_1_305,VGND,li1,145.8200,8.1600,0.000000
FILLER_1_293,VGND,li1,140.3000,8.1600,0.000000
FILLER_1_281,VGND,li1,134.7800,8.1600,0.000000
FILLER_1_279,VGND,li1,131.3300,8.1600,0.000000
FILLER_1_273,VGND,li1,129.7200,8.1600,0.000000
FILLER_1_261,VGND,li1,125.5800,8.1600,0.000000
FILLER_1_249,VGND,li1,120.0600,8.1600,0.000000
FILLER_1_237,VGND,li1,114.5400,8.1600,0.000000
FILLER_1_225,VGND,li1,109.0200,8.1600,0.000000
FILLER_1_223,VGND,li1,105.5700,8.1600,0.000000
FILLER_1_217,VGND,li1,103.9600,8.1600,0.000000
FILLER_1_205,VGND,li1,99.8200,8.1600,0.000000
FILLER_1_193,VGND,li1,94.3000,8.1600,0.000000
FILLER_1_181,VGND,li1,88.7800,8.1600,0.000000
FILLER_1_169,VGND,li1,83.2600,8.1600,0.000000
FILLER_1_167,VGND,li1,79.8100,8.1600,0.000000
FILLER_1_161,VGND,li1,78.2000,8.1600,0.000000
FILLER_1_149,VGND,li1,74.0600,8.1600,0.000000
FILLER_1_137,VGND,li1,68.5400,8.1600,0.000000
FILLER_1_125,VGND,li1,63.0200,8.1600,0.000000
FILLER_1_113,VGND,li1,57.5000,8.1600,0.000000
FILLER_1_111,VGND,li1,54.0500,8.1600,0.000000
FILLER_1_105,VGND,li1,52.4400,8.1600,0.000000
FILLER_1_93,VGND,li1,48.3000,8.1600,0.000000
FILLER_1_81,VGND,li1,42.7800,8.1600,0.000000
FILLER_1_69,VGND,li1,37.2600,8.1600,0.000000
FILLER_1_57,VGND,li1,31.7400,8.1600,0.000000
FILLER_1_55,VGND,li1,28.2900,8.1600,0.000000
FILLER_1_51,VGND,li1,27.1400,8.1600,0.000000
FILLER_1_39,VGND,li1,23.4600,8.1600,0.000000
FILLER_1_27,VGND,li1,17.9400,8.1600,0.000000
FILLER_1_15,VGND,li1,12.4200,8.1600,0.000000
FILLER_1_3,VGND,li1,6.9000,8.1600,0.000000
FILLER_0_333,VGND,li1,156.4000,2.7200,0.000000
FILLER_0_321,VGND,li1,153.1800,2.7200,0.000000
FILLER_0_309,VGND,li1,147.6600,2.7200,0.000000
FILLER_0_305,VGND,li1,143.7500,2.7200,0.000000
FILLER_0_293,VGND,li1,140.3000,2.7200,0.000000
FILLER_0_281,VGND,li1,134.7800,2.7200,0.000000
FILLER_0_277,VGND,li1,130.8700,2.7200,0.000000
FILLER_0_265,VGND,li1,127.4200,2.7200,0.000000
FILLER_0_253,VGND,li1,121.9000,2.7200,0.000000
FILLER_0_249,VGND,li1,117.9900,2.7200,0.000000
FILLER_0_237,VGND,li1,114.5400,2.7200,0.000000
FILLER_0_225,VGND,li1,109.0200,2.7200,0.000000
FILLER_0_221,VGND,li1,105.1100,2.7200,0.000000
FILLER_0_209,VGND,li1,101.6600,2.7200,0.000000
FILLER_0_197,VGND,li1,96.1400,2.7200,0.000000
FILLER_0_193,VGND,li1,92.2300,2.7200,0.000000
FILLER_0_181,VGND,li1,88.7800,2.7200,0.000000
FILLER_0_169,VGND,li1,83.2600,2.7200,0.000000
FILLER_0_165,VGND,li1,79.3500,2.7200,0.000000
FILLER_0_153,VGND,li1,75.9000,2.7200,0.000000
FILLER_0_141,VGND,li1,70.3800,2.7200,0.000000
FILLER_0_137,VGND,li1,66.4700,2.7200,0.000000
FILLER_0_125,VGND,li1,63.0200,2.7200,0.000000
FILLER_0_113,VGND,li1,57.5000,2.7200,0.000000
FILLER_0_109,VGND,li1,53.5900,2.7200,0.000000
FILLER_0_97,VGND,li1,50.1400,2.7200,0.000000
FILLER_0_85,VGND,li1,44.6200,2.7200,0.000000
FILLER_0_81,VGND,li1,40.7100,2.7200,0.000000
FILLER_0_69,VGND,li1,37.2600,2.7200,0.000000
FILLER_0_57,VGND,li1,31.7400,2.7200,0.000000
FILLER_0_53,VGND,li1,27.8300,2.7200,0.000000
FILLER_0_41,VGND,li1,24.3800,2.7200,0.000000
FILLER_0_29,VGND,li1,18.8600,2.7200,0.000000
FILLER_0_27,VGND,li1,15.4100,2.7200,0.000000
FILLER_0_15,VGND,li1,12.4200,2.7200,0.000000
FILLER_0_3,VGND,li1,6.9000,2.7200,0.000000
clkbuf_1_1__f_clk,VGND,li1,118.2200,100.6400,0.000039
clkbuf_1_0__f_clk,VGND,li1,93.8400,106.0800,0.000021
clkbuf_0_clk,VGND,li1,108.5600,100.6400,0.000037
tt_um_josue_olivos_6bit_counter_2,VGND,li1,50.8300,106.0800,0.000004
input1,VGND,li1,142.1400,106.0800,0.000005
tt_um_josue_olivos_6bit_counter_19,VGND,li1,75.6700,106.0800,0.000012
tt_um_josue_olivos_6bit_counter_18,VGND,li1,78.4300,106.0800,0.000013
tt_um_josue_olivos_6bit_counter_17,VGND,li1,53.5900,106.0800,0.000004
tt_um_josue_olivos_6bit_counter_16,VGND,li1,56.3500,106.0800,0.000004
tt_um_josue_olivos_6bit_counter_15,VGND,li1,59.1100,106.0800,0.000004
tt_um_josue_olivos_6bit_counter_14,VGND,li1,61.8700,106.0800,0.000005
tt_um_josue_olivos_6bit_counter_13,VGND,li1,64.6300,106.0800,0.000006
tt_um_josue_olivos_6bit_counter_12,VGND,li1,68.3100,106.0800,0.000009
tt_um_josue_olivos_6bit_counter_11,VGND,li1,70.1500,106.0800,0.000010
tt_um_josue_olivos_6bit_counter_10,VGND,li1,72.9100,106.0800,0.000011
tt_um_josue_olivos_6bit_counter_9,VGND,li1,31.5100,106.0800,0.000002
tt_um_josue_olivos_6bit_counter_8,VGND,li1,34.2700,106.0800,0.000002
tt_um_josue_olivos_6bit_counter_7,VGND,li1,37.0300,106.0800,0.000002
tt_um_josue_olivos_6bit_counter_6,VGND,li1,39.7900,106.0800,0.000003
tt_um_josue_olivos_6bit_counter_5,VGND,li1,42.5500,106.0800,0.000003
tt_um_josue_olivos_6bit_counter_4,VGND,li1,45.3100,106.0800,0.000003
tt_um_josue_olivos_6bit_counter_3,VGND,li1,48.0700,106.0800,0.000003
TAP_TAPCELL_ROW_38_302,VGND,li1,144.6700,106.3710,0.000005
TAP_TAPCELL_ROW_38_301,VGND,li1,131.7900,106.3710,0.000009
TAP_TAPCELL_ROW_38_300,VGND,li1,118.9100,106.3710,0.000014
TAP_TAPCELL_ROW_38_299,VGND,li1,106.0300,106.3710,0.000014
TAP_TAPCELL_ROW_38_298,VGND,li1,93.1500,106.3710,0.000020
TAP_TAPCELL_ROW_38_297,VGND,li1,80.2700,106.3710,0.000015
TAP_TAPCELL_ROW_38_296,VGND,li1,67.3900,106.3710,0.000007
TAP_TAPCELL_ROW_38_295,VGND,li1,54.5100,106.3710,0.000004
TAP_TAPCELL_ROW_38_294,VGND,li1,41.6300,106.3710,0.000003
TAP_TAPCELL_ROW_38_293,VGND,li1,28.7500,106.3710,0.000001
TAP_TAPCELL_ROW_38_292,VGND,li1,15.8700,106.3710,0.000001
TAP_TAPCELL_ROW_37_291,VGND,li1,131.7900,105.7880,0.000009
TAP_TAPCELL_ROW_37_290,VGND,li1,106.0300,105.7880,0.000014
TAP_TAPCELL_ROW_37_289,VGND,li1,80.2700,105.7880,0.000015
TAP_TAPCELL_ROW_37_288,VGND,li1,54.5100,105.7880,0.000004
TAP_TAPCELL_ROW_37_287,VGND,li1,28.7500,105.7880,0.000001
TAP_TAPCELL_ROW_36_286,VGND,li1,144.6700,100.9310,0.000013
TAP_TAPCELL_ROW_36_285,VGND,li1,118.9100,100.9310,0.000039
TAP_TAPCELL_ROW_36_284,VGND,li1,93.1500,100.9310,0.000018
TAP_TAPCELL_ROW_36_283,VGND,li1,67.3900,100.9310,0.000007
TAP_TAPCELL_ROW_36_282,VGND,li1,41.6300,100.9310,0.000002
TAP_TAPCELL_ROW_36_281,VGND,li1,15.8700,100.9310,0.000001
TAP_TAPCELL_ROW_35_280,VGND,li1,131.7900,100.3480,0.000021
TAP_TAPCELL_ROW_35_279,VGND,li1,106.0300,100.3480,0.000032
TAP_TAPCELL_ROW_35_278,VGND,li1,80.2700,100.3480,0.000013
TAP_TAPCELL_ROW_35_277,VGND,li1,54.5100,100.3480,0.000003
TAP_TAPCELL_ROW_35_276,VGND,li1,28.7500,100.3480,0.000001
TAP_TAPCELL_ROW_34_275,VGND,li1,144.6700,95.4910,0.000000
TAP_TAPCELL_ROW_34_274,VGND,li1,118.9100,95.4910,0.000001
TAP_TAPCELL_ROW_34_273,VGND,li1,93.1500,95.4910,0.000002
TAP_TAPCELL_ROW_34_272,VGND,li1,67.3900,95.4910,0.000002
TAP_TAPCELL_ROW_34_271,VGND,li1,41.6300,95.4910,0.000001
TAP_TAPCELL_ROW_34_270,VGND,li1,15.8700,95.4910,0.000000
TAP_TAPCELL_ROW_33_269,VGND,li1,131.7900,94.9080,0.000000
TAP_TAPCELL_ROW_33_268,VGND,li1,106.0300,94.9080,0.000001
TAP_TAPCELL_ROW_33_267,VGND,li1,80.2700,94.9080,0.000004
TAP_TAPCELL_ROW_33_266,VGND,li1,54.5100,94.9080,0.000001
TAP_TAPCELL_ROW_33_265,VGND,li1,28.7500,94.9080,0.000000
TAP_TAPCELL_ROW_32_264,VGND,li1,144.6700,90.0510,0.000000
TAP_TAPCELL_ROW_32_263,VGND,li1,118.9100,90.0510,0.000000
TAP_TAPCELL_ROW_32_262,VGND,li1,93.1500,90.0510,0.000000
TAP_TAPCELL_ROW_32_261,VGND,li1,67.3900,90.0510,0.000000
TAP_TAPCELL_ROW_32_260,VGND,li1,41.6300,90.0510,0.000000
TAP_TAPCELL_ROW_32_259,VGND,li1,15.8700,90.0510,0.000000
TAP_TAPCELL_ROW_31_258,VGND,li1,131.7900,89.4680,0.000000
TAP_TAPCELL_ROW_31_257,VGND,li1,106.0300,89.4680,0.000000
TAP_TAPCELL_ROW_31_256,VGND,li1,80.2700,89.4680,0.000000
TAP_TAPCELL_ROW_31_255,VGND,li1,54.5100,89.4680,0.000000
TAP_TAPCELL_ROW_31_254,VGND,li1,28.7500,89.4680,0.000000
TAP_TAPCELL_ROW_30_253,VGND,li1,144.6700,84.6110,0.000000
TAP_TAPCELL_ROW_30_252,VGND,li1,118.9100,84.6110,0.000000
TAP_TAPCELL_ROW_30_251,VGND,li1,93.1500,84.6110,0.000000
TAP_TAPCELL_ROW_30_250,VGND,li1,67.3900,84.6110,0.000000
TAP_TAPCELL_ROW_30_249,VGND,li1,41.6300,84.6110,0.000000
TAP_TAPCELL_ROW_30_248,VGND,li1,15.8700,84.6110,0.000000
TAP_TAPCELL_ROW_29_247,VGND,li1,131.7900,84.0280,0.000000
TAP_TAPCELL_ROW_29_246,VGND,li1,106.0300,84.0280,0.000000
TAP_TAPCELL_ROW_29_245,VGND,li1,80.2700,84.0280,0.000000
TAP_TAPCELL_ROW_29_244,VGND,li1,54.5100,84.0280,0.000000
TAP_TAPCELL_ROW_29_243,VGND,li1,28.7500,84.0280,0.000000
TAP_TAPCELL_ROW_28_242,VGND,li1,144.6700,79.1710,0.000000
TAP_TAPCELL_ROW_28_241,VGND,li1,118.9100,79.1710,0.000000
TAP_TAPCELL_ROW_28_240,VGND,li1,93.1500,79.1710,0.000000
TAP_TAPCELL_ROW_28_239,VGND,li1,67.3900,79.1710,0.000000
TAP_TAPCELL_ROW_28_238,VGND,li1,41.6300,79.1710,0.000000
TAP_TAPCELL_ROW_28_237,VGND,li1,15.8700,79.1710,0.000000
TAP_TAPCELL_ROW_27_236,VGND,li1,131.7900,78.5880,0.000000
TAP_TAPCELL_ROW_27_235,VGND,li1,106.0300,78.5880,0.000000
TAP_TAPCELL_ROW_27_234,VGND,li1,80.2700,78.5880,0.000000
TAP_TAPCELL_ROW_27_233,VGND,li1,54.5100,78.5880,0.000000
TAP_TAPCELL_ROW_27_232,VGND,li1,28.7500,78.5880,0.000000
TAP_TAPCELL_ROW_26_231,VGND,li1,144.6700,73.7310,0.000000
TAP_TAPCELL_ROW_26_230,VGND,li1,118.9100,73.7310,0.000000
TAP_TAPCELL_ROW_26_229,VGND,li1,93.1500,73.7310,0.000000
TAP_TAPCELL_ROW_26_228,VGND,li1,67.3900,73.7310,0.000000
TAP_TAPCELL_ROW_26_227,VGND,li1,41.6300,73.7310,0.000000
TAP_TAPCELL_ROW_26_226,VGND,li1,15.8700,73.7310,0.000000
TAP_TAPCELL_ROW_25_225,VGND,li1,131.7900,73.1480,0.000000
TAP_TAPCELL_ROW_25_224,VGND,li1,106.0300,73.1480,0.000000
TAP_TAPCELL_ROW_25_223,VGND,li1,80.2700,73.1480,0.000000
TAP_TAPCELL_ROW_25_222,VGND,li1,54.5100,73.1480,0.000000
TAP_TAPCELL_ROW_25_221,VGND,li1,28.7500,73.1480,0.000000
TAP_TAPCELL_ROW_24_220,VGND,li1,144.6700,68.2910,0.000000
TAP_TAPCELL_ROW_24_219,VGND,li1,118.9100,68.2910,0.000000
TAP_TAPCELL_ROW_24_218,VGND,li1,93.1500,68.2910,0.000000
TAP_TAPCELL_ROW_24_217,VGND,li1,67.3900,68.2910,0.000000
TAP_TAPCELL_ROW_24_216,VGND,li1,41.6300,68.2910,0.000000
TAP_TAPCELL_ROW_24_215,VGND,li1,15.8700,68.2910,0.000000
TAP_TAPCELL_ROW_23_214,VGND,li1,131.7900,67.7080,0.000000
TAP_TAPCELL_ROW_23_213,VGND,li1,106.0300,67.7080,0.000000
TAP_TAPCELL_ROW_23_212,VGND,li1,80.2700,67.7080,0.000000
TAP_TAPCELL_ROW_23_211,VGND,li1,54.5100,67.7080,0.000000
TAP_TAPCELL_ROW_23_210,VGND,li1,28.7500,67.7080,0.000000
TAP_TAPCELL_ROW_22_209,VGND,li1,144.6700,62.8510,0.000000
TAP_TAPCELL_ROW_22_208,VGND,li1,118.9100,62.8510,0.000000
TAP_TAPCELL_ROW_22_207,VGND,li1,93.1500,62.8510,0.000000
TAP_TAPCELL_ROW_22_206,VGND,li1,67.3900,62.8510,0.000000
TAP_TAPCELL_ROW_22_205,VGND,li1,41.6300,62.8510,0.000000
TAP_TAPCELL_ROW_22_204,VGND,li1,15.8700,62.8510,0.000000
TAP_TAPCELL_ROW_21_203,VGND,li1,131.7900,62.2680,0.000000
TAP_TAPCELL_ROW_21_202,VGND,li1,106.0300,62.2680,0.000000
TAP_TAPCELL_ROW_21_201,VGND,li1,80.2700,62.2680,0.000000
TAP_TAPCELL_ROW_21_200,VGND,li1,54.5100,62.2680,0.000000
TAP_TAPCELL_ROW_21_199,VGND,li1,28.7500,62.2680,0.000000
TAP_TAPCELL_ROW_20_198,VGND,li1,144.6700,57.4110,0.000000
TAP_TAPCELL_ROW_20_197,VGND,li1,118.9100,57.4110,0.000000
TAP_TAPCELL_ROW_20_196,VGND,li1,93.1500,57.4110,0.000000
TAP_TAPCELL_ROW_20_195,VGND,li1,67.3900,57.4110,0.000000
TAP_TAPCELL_ROW_20_194,VGND,li1,41.6300,57.4110,0.000000
TAP_TAPCELL_ROW_20_193,VGND,li1,15.8700,57.4110,0.000000
TAP_TAPCELL_ROW_19_192,VGND,li1,131.7900,56.8280,0.000000
TAP_TAPCELL_ROW_19_191,VGND,li1,106.0300,56.8280,0.000000
TAP_TAPCELL_ROW_19_190,VGND,li1,80.2700,56.8280,0.000000
TAP_TAPCELL_ROW_19_189,VGND,li1,54.5100,56.8280,0.000000
TAP_TAPCELL_ROW_19_188,VGND,li1,28.7500,56.8280,0.000000
TAP_TAPCELL_ROW_18_187,VGND,li1,144.6700,51.9710,0.000000
TAP_TAPCELL_ROW_18_186,VGND,li1,118.9100,51.9710,0.000000
TAP_TAPCELL_ROW_18_185,VGND,li1,93.1500,51.9710,0.000000
TAP_TAPCELL_ROW_18_184,VGND,li1,67.3900,51.9710,0.000000
TAP_TAPCELL_ROW_18_183,VGND,li1,41.6300,51.9710,0.000000
TAP_TAPCELL_ROW_18_182,VGND,li1,15.8700,51.9710,0.000000
TAP_TAPCELL_ROW_17_181,VGND,li1,131.7900,51.3880,0.000000
TAP_TAPCELL_ROW_17_180,VGND,li1,106.0300,51.3880,0.000000
TAP_TAPCELL_ROW_17_179,VGND,li1,80.2700,51.3880,0.000000
TAP_TAPCELL_ROW_17_178,VGND,li1,54.5100,51.3880,0.000000
TAP_TAPCELL_ROW_17_177,VGND,li1,28.7500,51.3880,0.000000
TAP_TAPCELL_ROW_16_176,VGND,li1,144.6700,46.5310,0.000000
TAP_TAPCELL_ROW_16_175,VGND,li1,118.9100,46.5310,0.000000
TAP_TAPCELL_ROW_16_174,VGND,li1,93.1500,46.5310,0.000000
TAP_TAPCELL_ROW_16_173,VGND,li1,67.3900,46.5310,0.000000
TAP_TAPCELL_ROW_16_172,VGND,li1,41.6300,46.5310,0.000000
TAP_TAPCELL_ROW_16_171,VGND,li1,15.8700,46.5310,0.000000
TAP_TAPCELL_ROW_15_170,VGND,li1,131.7900,45.9480,0.000000
TAP_TAPCELL_ROW_15_169,VGND,li1,106.0300,45.9480,0.000000
TAP_TAPCELL_ROW_15_168,VGND,li1,80.2700,45.9480,0.000000
TAP_TAPCELL_ROW_15_167,VGND,li1,54.5100,45.9480,0.000000
TAP_TAPCELL_ROW_15_166,VGND,li1,28.7500,45.9480,0.000000
TAP_TAPCELL_ROW_14_165,VGND,li1,144.6700,41.0910,0.000000
TAP_TAPCELL_ROW_14_164,VGND,li1,118.9100,41.0910,0.000000
TAP_TAPCELL_ROW_14_163,VGND,li1,93.1500,41.0910,0.000000
TAP_TAPCELL_ROW_14_162,VGND,li1,67.3900,41.0910,0.000000
TAP_TAPCELL_ROW_14_161,VGND,li1,41.6300,41.0910,0.000000
TAP_TAPCELL_ROW_14_160,VGND,li1,15.8700,41.0910,0.000000
TAP_TAPCELL_ROW_13_159,VGND,li1,131.7900,40.5080,0.000000
TAP_TAPCELL_ROW_13_158,VGND,li1,106.0300,40.5080,0.000000
TAP_TAPCELL_ROW_13_157,VGND,li1,80.2700,40.5080,0.000000
TAP_TAPCELL_ROW_13_156,VGND,li1,54.5100,40.5080,0.000000
TAP_TAPCELL_ROW_13_155,VGND,li1,28.7500,40.5080,0.000000
TAP_TAPCELL_ROW_12_154,VGND,li1,144.6700,35.6510,0.000000
TAP_TAPCELL_ROW_12_153,VGND,li1,118.9100,35.6510,0.000000
TAP_TAPCELL_ROW_12_152,VGND,li1,93.1500,35.6510,0.000000
TAP_TAPCELL_ROW_12_151,VGND,li1,67.3900,35.6510,0.000000
TAP_TAPCELL_ROW_12_150,VGND,li1,41.6300,35.6510,0.000000
TAP_TAPCELL_ROW_12_149,VGND,li1,15.8700,35.6510,0.000000
TAP_TAPCELL_ROW_11_148,VGND,li1,131.7900,35.0680,0.000000
TAP_TAPCELL_ROW_11_147,VGND,li1,106.0300,35.0680,0.000000
TAP_TAPCELL_ROW_11_146,VGND,li1,80.2700,35.0680,0.000000
TAP_TAPCELL_ROW_11_145,VGND,li1,54.5100,35.0680,0.000000
TAP_TAPCELL_ROW_11_144,VGND,li1,28.7500,35.0680,0.000000
TAP_TAPCELL_ROW_10_143,VGND,li1,144.6700,30.2110,0.000000
TAP_TAPCELL_ROW_10_142,VGND,li1,118.9100,30.2110,0.000000
TAP_TAPCELL_ROW_10_141,VGND,li1,93.1500,30.2110,0.000000
TAP_TAPCELL_ROW_10_140,VGND,li1,67.3900,30.2110,0.000000
TAP_TAPCELL_ROW_10_139,VGND,li1,41.6300,30.2110,0.000000
TAP_TAPCELL_ROW_10_138,VGND,li1,15.8700,30.2110,0.000000
TAP_TAPCELL_ROW_9_137,VGND,li1,131.7900,29.6280,0.000000
TAP_TAPCELL_ROW_9_136,VGND,li1,106.0300,29.6280,0.000000
TAP_TAPCELL_ROW_9_135,VGND,li1,80.2700,29.6280,0.000000
TAP_TAPCELL_ROW_9_134,VGND,li1,54.5100,29.6280,0.000000
TAP_TAPCELL_ROW_9_133,VGND,li1,28.7500,29.6280,0.000000
TAP_TAPCELL_ROW_8_132,VGND,li1,144.6700,24.7710,0.000000
TAP_TAPCELL_ROW_8_131,VGND,li1,118.9100,24.7710,0.000000
TAP_TAPCELL_ROW_8_130,VGND,li1,93.1500,24.7710,0.000000
TAP_TAPCELL_ROW_8_129,VGND,li1,67.3900,24.7710,0.000000
TAP_TAPCELL_ROW_8_128,VGND,li1,41.6300,24.7710,0.000000
TAP_TAPCELL_ROW_8_127,VGND,li1,15.8700,24.7710,0.000000
TAP_TAPCELL_ROW_7_126,VGND,li1,131.7900,24.1880,0.000000
TAP_TAPCELL_ROW_7_125,VGND,li1,106.0300,24.1880,0.000000
TAP_TAPCELL_ROW_7_124,VGND,li1,80.2700,24.1880,0.000000
TAP_TAPCELL_ROW_7_123,VGND,li1,54.5100,24.1880,0.000000
TAP_TAPCELL_ROW_7_122,VGND,li1,28.7500,24.1880,0.000000
TAP_TAPCELL_ROW_6_121,VGND,li1,144.6700,19.3310,0.000000
TAP_TAPCELL_ROW_6_120,VGND,li1,118.9100,19.3310,0.000000
TAP_TAPCELL_ROW_6_119,VGND,li1,93.1500,19.3310,0.000000
TAP_TAPCELL_ROW_6_118,VGND,li1,67.3900,19.3310,0.000000
TAP_TAPCELL_ROW_6_117,VGND,li1,41.6300,19.3310,0.000000
TAP_TAPCELL_ROW_6_116,VGND,li1,15.8700,19.3310,0.000000
TAP_TAPCELL_ROW_5_115,VGND,li1,131.7900,18.7480,0.000000
TAP_TAPCELL_ROW_5_114,VGND,li1,106.0300,18.7480,0.000000
TAP_TAPCELL_ROW_5_113,VGND,li1,80.2700,18.7480,0.000000
TAP_TAPCELL_ROW_5_112,VGND,li1,54.5100,18.7480,0.000000
TAP_TAPCELL_ROW_5_111,VGND,li1,28.7500,18.7480,0.000000
TAP_TAPCELL_ROW_4_110,VGND,li1,144.6700,13.8910,0.000000
TAP_TAPCELL_ROW_4_109,VGND,li1,118.9100,13.8910,0.000000
TAP_TAPCELL_ROW_4_108,VGND,li1,93.1500,13.8910,0.000000
TAP_TAPCELL_ROW_4_107,VGND,li1,67.3900,13.8910,0.000000
TAP_TAPCELL_ROW_4_106,VGND,li1,41.6300,13.8910,0.000000
TAP_TAPCELL_ROW_4_105,VGND,li1,15.8700,13.8910,0.000000
TAP_TAPCELL_ROW_3_104,VGND,li1,131.7900,13.3080,0.000000
TAP_TAPCELL_ROW_3_103,VGND,li1,106.0300,13.3080,0.000000
TAP_TAPCELL_ROW_3_102,VGND,li1,80.2700,13.3080,0.000000
TAP_TAPCELL_ROW_3_101,VGND,li1,54.5100,13.3080,0.000000
TAP_TAPCELL_ROW_3_100,VGND,li1,28.7500,13.3080,0.000000
TAP_TAPCELL_ROW_2_99,VGND,li1,144.6700,8.4510,0.000000
TAP_TAPCELL_ROW_2_98,VGND,li1,118.9100,8.4510,0.000000
TAP_TAPCELL_ROW_2_97,VGND,li1,93.1500,8.4510,0.000000
TAP_TAPCELL_ROW_2_96,VGND,li1,67.3900,8.4510,0.000000
TAP_TAPCELL_ROW_2_95,VGND,li1,41.6300,8.4510,0.000000
TAP_TAPCELL_ROW_2_94,VGND,li1,15.8700,8.4510,0.000000
TAP_TAPCELL_ROW_1_93,VGND,li1,131.7900,7.8680,0.000000
TAP_TAPCELL_ROW_1_92,VGND,li1,106.0300,7.8680,0.000000
TAP_TAPCELL_ROW_1_91,VGND,li1,80.2700,7.8680,0.000000
TAP_TAPCELL_ROW_1_90,VGND,li1,54.5100,7.8680,0.000000
TAP_TAPCELL_ROW_1_89,VGND,li1,28.7500,7.8680,0.000000
TAP_TAPCELL_ROW_0_88,VGND,li1,144.6700,3.0110,0.000000
TAP_TAPCELL_ROW_0_87,VGND,li1,131.7900,3.0110,0.000000
TAP_TAPCELL_ROW_0_86,VGND,li1,118.9100,3.0110,0.000000
TAP_TAPCELL_ROW_0_85,VGND,li1,106.0300,3.0110,0.000000
TAP_TAPCELL_ROW_0_84,VGND,li1,93.1500,3.0110,0.000000
TAP_TAPCELL_ROW_0_83,VGND,li1,80.2700,3.0110,0.000000
TAP_TAPCELL_ROW_0_82,VGND,li1,67.3900,3.0110,0.000000
TAP_TAPCELL_ROW_0_81,VGND,li1,54.5100,3.0110,0.000000
TAP_TAPCELL_ROW_0_80,VGND,li1,41.6300,3.0110,0.000000
TAP_TAPCELL_ROW_0_79,VGND,li1,28.7500,3.0110,0.000000
TAP_TAPCELL_ROW_0_78,VGND,li1,15.8700,3.0110,0.000000
PHY_EDGE_ROW_38_Left_77,VGND,li1,3.4500,106.0800,0.000001
PHY_EDGE_ROW_37_Left_76,VGND,li1,3.4500,106.0800,0.000001
PHY_EDGE_ROW_36_Left_75,VGND,li1,3.4500,100.6400,0.000001
PHY_EDGE_ROW_35_Left_74,VGND,li1,3.4500,100.6400,0.000001
PHY_EDGE_ROW_34_Left_73,VGND,li1,3.4500,95.2000,0.000000
PHY_EDGE_ROW_33_Left_72,VGND,li1,3.4500,95.2000,0.000000
PHY_EDGE_ROW_32_Left_71,VGND,li1,3.4500,89.7600,0.000000
PHY_EDGE_ROW_31_Left_70,VGND,li1,3.4500,89.7600,0.000000
PHY_EDGE_ROW_30_Left_69,VGND,li1,3.4500,84.3200,0.000000
PHY_EDGE_ROW_29_Left_68,VGND,li1,3.4500,84.3200,0.000000
PHY_EDGE_ROW_28_Left_67,VGND,li1,3.4500,78.8800,0.000000
PHY_EDGE_ROW_27_Left_66,VGND,li1,3.4500,78.8800,0.000000
PHY_EDGE_ROW_26_Left_65,VGND,li1,3.4500,73.4400,0.000000
PHY_EDGE_ROW_25_Left_64,VGND,li1,3.4500,73.4400,0.000000
PHY_EDGE_ROW_24_Left_63,VGND,li1,3.4500,68.0000,0.000000
PHY_EDGE_ROW_23_Left_62,VGND,li1,3.4500,68.0000,0.000000
PHY_EDGE_ROW_22_Left_61,VGND,li1,3.4500,62.5600,0.000000
PHY_EDGE_ROW_21_Left_60,VGND,li1,3.4500,62.5600,0.000000
PHY_EDGE_ROW_20_Left_59,VGND,li1,3.4500,57.1200,0.000000
PHY_EDGE_ROW_19_Left_58,VGND,li1,3.4500,57.1200,0.000000
PHY_EDGE_ROW_18_Left_57,VGND,li1,3.4500,51.6800,0.000000
PHY_EDGE_ROW_17_Left_56,VGND,li1,3.4500,51.6800,0.000000
PHY_EDGE_ROW_16_Left_55,VGND,li1,3.4500,46.2400,0.000000
PHY_EDGE_ROW_15_Left_54,VGND,li1,3.4500,46.2400,0.000000
PHY_EDGE_ROW_14_Left_53,VGND,li1,3.4500,40.8000,0.000000
PHY_EDGE_ROW_13_Left_52,VGND,li1,3.4500,40.8000,0.000000
PHY_EDGE_ROW_12_Left_51,VGND,li1,3.4500,35.3600,0.000000
PHY_EDGE_ROW_11_Left_50,VGND,li1,3.4500,35.3600,0.000000
PHY_EDGE_ROW_10_Left_49,VGND,li1,3.4500,29.9200,0.000000
PHY_EDGE_ROW_9_Left_48,VGND,li1,3.4500,29.9200,0.000000
PHY_EDGE_ROW_8_Left_47,VGND,li1,3.4500,24.4800,0.000000
PHY_EDGE_ROW_7_Left_46,VGND,li1,3.4500,24.4800,0.000000
PHY_EDGE_ROW_6_Left_45,VGND,li1,3.4500,19.0400,0.000000
PHY_EDGE_ROW_5_Left_44,VGND,li1,3.4500,19.0400,0.000000
PHY_EDGE_ROW_4_Left_43,VGND,li1,3.4500,13.6000,0.000000
PHY_EDGE_ROW_3_Left_42,VGND,li1,3.4500,13.6000,0.000000
PHY_EDGE_ROW_2_Left_41,VGND,li1,3.4500,8.1600,0.000000
PHY_EDGE_ROW_1_Left_40,VGND,li1,3.4500,8.1600,0.000000
PHY_EDGE_ROW_0_Left_39,VGND,li1,3.4500,2.7200,0.000000
PHY_EDGE_ROW_38_Right_38,VGND,li1,157.5500,106.0800,0.000005
PHY_EDGE_ROW_37_Right_37,VGND,li1,157.5500,106.0800,0.000005
PHY_EDGE_ROW_36_Right_36,VGND,li1,157.5500,100.6400,0.000013
PHY_EDGE_ROW_35_Right_35,VGND,li1,157.5500,100.6400,0.000013
PHY_EDGE_ROW_34_Right_34,VGND,li1,157.5500,95.2000,0.000000
PHY_EDGE_ROW_33_Right_33,VGND,li1,157.5500,95.2000,0.000000
PHY_EDGE_ROW_32_Right_32,VGND,li1,157.5500,89.7600,0.000000
PHY_EDGE_ROW_31_Right_31,VGND,li1,157.5500,89.7600,0.000000
PHY_EDGE_ROW_30_Right_30,VGND,li1,157.5500,84.3200,0.000000
PHY_EDGE_ROW_29_Right_29,VGND,li1,157.5500,84.3200,0.000000
PHY_EDGE_ROW_28_Right_28,VGND,li1,157.5500,78.8800,0.000000
PHY_EDGE_ROW_27_Right_27,VGND,li1,157.5500,78.8800,0.000000
PHY_EDGE_ROW_26_Right_26,VGND,li1,157.5500,73.4400,0.000000
PHY_EDGE_ROW_25_Right_25,VGND,li1,157.5500,73.4400,0.000000
PHY_EDGE_ROW_24_Right_24,VGND,li1,157.5500,68.0000,0.000000
PHY_EDGE_ROW_23_Right_23,VGND,li1,157.5500,68.0000,0.000000
PHY_EDGE_ROW_22_Right_22,VGND,li1,157.5500,62.5600,0.000000
PHY_EDGE_ROW_21_Right_21,VGND,li1,157.5500,62.5600,0.000000
PHY_EDGE_ROW_20_Right_20,VGND,li1,157.5500,57.1200,0.000000
PHY_EDGE_ROW_19_Right_19,VGND,li1,157.5500,57.1200,0.000000
PHY_EDGE_ROW_18_Right_18,VGND,li1,157.5500,51.6800,0.000000
PHY_EDGE_ROW_17_Right_17,VGND,li1,157.5500,51.6800,0.000000
PHY_EDGE_ROW_16_Right_16,VGND,li1,157.5500,46.2400,0.000000
PHY_EDGE_ROW_15_Right_15,VGND,li1,157.5500,46.2400,0.000000
PHY_EDGE_ROW_14_Right_14,VGND,li1,157.5500,40.8000,0.000000
PHY_EDGE_ROW_13_Right_13,VGND,li1,157.5500,40.8000,0.000000
PHY_EDGE_ROW_12_Right_12,VGND,li1,157.5500,35.3600,0.000000
PHY_EDGE_ROW_11_Right_11,VGND,li1,157.5500,35.3600,0.000000
PHY_EDGE_ROW_10_Right_10,VGND,li1,157.5500,29.9200,0.000000
PHY_EDGE_ROW_9_Right_9,VGND,li1,157.5500,29.9200,0.000000
PHY_EDGE_ROW_8_Right_8,VGND,li1,157.5500,24.4800,0.000000
PHY_EDGE_ROW_7_Right_7,VGND,li1,157.5500,24.4800,0.000000
PHY_EDGE_ROW_6_Right_6,VGND,li1,157.5500,19.0400,0.000000
PHY_EDGE_ROW_5_Right_5,VGND,li1,157.5500,19.0400,0.000000
PHY_EDGE_ROW_4_Right_4,VGND,li1,157.5500,13.6000,0.000000
PHY_EDGE_ROW_3_Right_3,VGND,li1,157.5500,13.6000,0.000000
PHY_EDGE_ROW_2_Right_2,VGND,li1,157.5500,8.1600,0.000000
PHY_EDGE_ROW_1_Right_1,VGND,li1,157.5500,8.1600,0.000000
PHY_EDGE_ROW_0_Right_0,VGND,li1,157.5500,2.7200,0.000000
_29_,VGND,li1,85.7900,106.0800,0.000018
_28_,VGND,li1,82.1100,95.2000,0.000004
_27_,VGND,li1,90.8500,100.6400,0.000018
_26_,VGND,li1,122.1300,106.0800,0.000013
_25_,VGND,li1,111.5500,106.0800,0.000015
_24_,VGND,li1,98.6700,100.6400,0.000019
_23_,VGND,li1,74.2900,106.0800,0.000012
_22_,VGND,li1,76.1300,100.6400,0.000011
_21_,VGND,li1,78.4300,100.6400,0.000012
_20_,VGND,li1,74.2900,100.6400,0.000010
_19_,VGND,li1,87.4000,106.0800,0.000018
_18_,VGND,li1,94.9900,106.0800,0.000020
_17_,VGND,li1,98.2100,106.0800,0.000015
_16_,VGND,li1,109.7100,106.0800,0.000014
_15_,VGND,li1,104.1900,106.0800,0.000014
_14_,VGND,li1,101.8900,106.0800,0.000013
_13_,VGND,li1,101.4300,106.0800,0.000013
_12_,VGND,li1,99.1300,106.0800,0.000015
